Stress_Period,Precipitation,SW Irrigation,GW Irrigation,ET,Recharge,Runoff,Storage,Error
1,4066513,0,1139220,-7721748,-290575,0,2806589,0
2,5971931,0,0,-3020513,-494619,0,-2456799,0
3,3847915,0,0,-709098,-315397,0,-2823421,0
4,4629442,0,0,-947483,-401325,0,-3280635,0
5,4771590,0,0,-1235589,-620132,0,-2915869,0
6,16933489,27254,227853,-13214473,-2731676,0,-1242447,0
7,6318744,2210486,3994738,-13794961,-619879,0,1890873,0
8,5365874,4811348,5746213,-14967983,-497896,0,-457556,0
9,5838298,6185016,9092905,-18573166,-1042382,0,-1500671,0
10,4285536,456271,16027994,-21727453,-1416086,0,2373739,0
11,1465048,0,13953776,-14319835,-1109928,0,10939,0
12,372378,0,3468404,-9819188,-744000,0,6722405,0
13,3438474,0,1035654,-7140998,-474244,0,3141113,0
14,13615465,0,0,-2342355,-1852009,0,-9421101,0
15,10055835,0,0,-699281,-2729602,0,-6626952,0
16,9275055,0,0,-953252,-2868058,0,-5453745,0
17,662721,0,0,-1272687,-194570,0,804536,0
18,7735621,33258,292969,-11965595,-1058039,0,4961787,0
19,6684325,3056813,4728926,-17196096,-583864,0,3309896,0
20,2337380,7334833,9311138,-20088515,-190109,0,1295273,0
21,12947687,165192,12533061,-24497473,-1731013,0,582546,0
22,1389836,730712,16439424,-18834415,-1314273,0,1588717,0
23,0,0,16494375,-15262457,-1245314,0,13397,0
24,858482,134222,3561206,-10751757,-842238,0,7040086,0
25,12384493,1240032,505965,-10321192,-1661580,0,-2147718,0
26,5827405,0,0,-3301064,-727479,0,-1798862,0
27,22447534,0,0,-739706,-6089535,0,-15618294,0
28,26584368,0,0,-741598,-14759965,0,-11082805,0
29,874791,0,0,-1029658,-540818,0,695684,0
30,9874164,0,0,-12034094,-1069031,0,3228962,0
31,9819852,40838,51150,-15259164,-1005008,0,6352331,0
32,19484765,3566048,4165314,-22169967,-1524964,0,-3521197,0
33,4549767,9482569,11311079,-27449173,-2210280,0,4316037,0
34,0,8677883,12317631,-24571312,-2476609,0,6052407,0
35,4894143,2084778,12352335,-19928864,-1847391,0,2444998,0
36,1182363,1130302,3420137,-12844688,-971246,0,8083132,0
37,3719191,1142324,498829,-9214915,-577754,0,4432325,0
38,3452041,0,0,-1814052,-257174,0,-1380815,0
39,12999486,0,0,-717291,-1768291,0,-10513904,0
40,10455993,0,0,-715057,-2959655,0,-6781281,0
41,265088,0,0,-1017380,-68663,0,820955,0
42,3216089,148541,757311,-13131445,-195798,0,9205302,0
43,1114022,3316215,5496444,-14248359,-63329,0,4385007,0
44,7945150,7134950,8605562,-20030666,-544418,0,-3110578,0
45,0,1651279,16199159,-18922459,-460785,0,1532805,0
46,0,0,19990002,-18608547,-1080165,0,-301290,0
47,0,0,15906533,-14674694,-1245049,0,13210,0
48,1028069,0,3804303,-11173196,-874470,0,7215294,0
49,143110,0,1139220,-5456547,-245554,0,4419772,0
50,19999844,0,0,-2691189,-2794694,0,-14513961,0
51,9471551,0,0,-718432,-2668646,0,-6084472,0
52,54559077,0,0,-520209,-35141236,0,-18897632,0
53,304852,0,0,-1625300,-214277,0,1534725,0
54,29760083,0,0,-9597376,-20658412,0,495705,0
55,13849492,2185,9929,-15292229,-1452773,0,2883397,0
56,9268192,4167668,5029280,-23559895,-1086175,0,6180929,0
57,6965293,8357268,9968214,-25963625,-1394029,0,2066880,0
58,8377836,9489358,10457930,-26068457,-4015030,0,1758363,0
59,0,4390214,13741013,-21112317,-1876621,0,4857711,0
60,310946,1231137,3270916,-12643291,-826073,0,8656366,0
61,114488,1437757,643696,-7874966,-241564,0,5920588,0
62,3265349,0,0,-2445232,-197907,0,-622209,0
63,47733147,0,0,-752811,-15618433,0,-31361903,0
64,43721917,0,0,-763898,-40278888,0,-2679131,0
65,2920790,0,0,-1274697,-2206135,0,560043,0
66,6807206,0,0,-10895545,-751889,0,4840228,0
67,9849335,122741,108187,-16475232,-877370,0,7272339,0
68,7416498,5841167,6850812,-23032770,-460443,0,3384735,0
69,1032528,10642976,12644251,-27109896,-811083,0,3601224,0
70,822959,6230793,16397843,-26312036,-1910618,0,4771060,0
71,417674,468111,17122555,-18334087,-1313806,0,1639553,0
72,2171415,22006,3345086,-10993792,-963219,0,6418505,0
73,7737014,1223194,604868,-9218922,-898837,0,552683,0
74,23920798,0,0,-2851920,-4933466,0,-16135412,0
75,51307607,0,0,-774882,-34001625,0,-16531101,0
76,28758681,0,0,-966238,-27290297,0,-502146,0
77,371124,0,0,-1014029,-276430,0,919336,0
78,5305488,0,854,-11875829,-1534536,0,8104024,0
79,4437458,2188290,2467859,-15793380,-290445,0,6990217,0
80,1399788,9703414,11528520,-25944236,-81942,0,3394457,0
81,7069693,6834878,11257009,-23489486,-1959113,0,287018,0
82,2125851,1816914,9398113,-15252941,-1026263,0,2938326,0
83,6603800,182077,1035751,-2244099,-1727101,0,-3850428,0
84,3581591,399723,202384,-2289611,-906992,0,-987094,0
85,8211587,105055,32581,-1197756,-2003214,0,-5148252,0
86,13108212,0,0,-678407,-6913151,0,-5516654,0
87,6196957,0,0,-725398,-3833670,0,-1637889,0
88,31266384,0,0,-799290,-25545527,0,-4921568,0
89,212071,0,0,-1016939,-149037,0,953905,0
90,16716671,0,0,-10861622,-6297298,0,442249,0
91,3540706,183193,147604,-16311951,-254126,0,12694574,0
92,18341374,3732368,4459457,-18885993,-1440392,0,-6206813,0
93,9645572,8783681,10347728,-27599141,-3136536,0,1958697,0
94,2344699,12405275,13540603,-30023072,-3775074,0,5507570,0
95,306842,6064005,14178828,-22407929,-2243851,0,4102106,0
96,3763795,2538749,2741722,-15307793,-1410931,0,7674459,0
97,7519426,1442711,447436,-10049436,-956868,0,1596731,0
98,43554971,0,0,-2725939,-14729615,0,-26099417,0
99,6587372,0,0,-725295,-5095224,0,-766853,0
100,24986579,0,0,-975908,-22159788,0,-1850883,0
101,2465321,0,0,-1658177,-1822922,0,1015777,0
102,4949309,0,262,-9569492,-1105136,0,5725057,0
103,856278,2129852,2319181,-15791063,-32120,0,10517872,0
104,284198,8711899,10328154,-22433020,-43459,0,3152228,0
105,0,10605517,12515735,-22765677,-1519172,0,1163596,0
106,0,9739455,14208957,-22973457,-2388764,0,1413809,0
107,1123400,3090400,13263076,-18228945,-1451903,0,2203972,0
108,0,1888550,3498467,-12951159,-904377,0,8468519,0
109,6013542,1618665,708885,-8618780,-763474,0,1041162,0
110,17795032,0,0,-3349503,-2887455,0,-11558074,0
111,5312665,0,0,-718036,-1453757,0,-3140872,0
112,35180875,0,0,-765607,-16703051,0,-17712217,0
113,3489610,0,0,-1317978,-1986934,0,-184698,0
114,9232849,0,0,-7206317,-5016063,0,2989531,0
115,14482354,20980,33640,-17750289,-1991811,0,5205127,0
116,2587126,5591121,6581851,-22836178,-118552,0,8194631,0
117,2008985,4501017,5284985,-11880626,-218902,0,304541,0
118,3989482,5049374,11727104,-23727031,-1116832,0,4077903,0
119,350077,55631,15576721,-17762571,-888849,0,2668991,0
120,883885,2841,3601998,-10694241,-786369,0,6991886,0
121,11398943,777672,589160,-9935301,-1369959,0,-1460515,0
122,3806065,0,0,-2654114,-342963,0,-808988,0
123,5284851,0,0,-712322,-1024138,0,-3548391,0
124,6741824,0,0,-960462,-1436995,0,-4344367,0
125,3750330,0,0,-1125869,-903489,0,-1720972,0
126,11768463,102605,517855,-11969452,-2419937,0,2000467,0
127,4996716,2746870,4479040,-14893450,-385532,0,3056355,0
128,2210440,9156789,11884777,-22828092,-256732,0,-167181,0
129,493376,75746,17029826,-19291002,-843610,0,2535663,0
130,2408668,0,17830165,-18618973,-1548767,0,-71093,0
131,0,0,17127944,-15995833,-1346974,0,214863,0
132,2585536,0,3763002,-11795741,-1200446,0,6647649,0
133,1313505,0,1186478,-6581670,-320877,0,4402565,0
134,30908691,0,0,-2237743,-5960537,0,-22710411,0
135,24642115,0,0,-773367,-11822505,0,-12046244,0
136,18780782,0,0,-992284,-13998077,0,-3790421,0
137,12265877,0,0,-1417372,-10239902,0,-608604,0
138,2518332,1598,6766,-14275495,-206223,0,11955022,0
139,8206100,2649608,3056338,-15632751,-774305,0,2495010,0
140,1522817,7528920,8917064,-20910567,-106434,0,3048199,0
141,585936,9058637,11234126,-22521045,-1323762,0,2966108,0
142,901875,1281168,16179634,-21883310,-1143423,0,4664056,0
143,0,0,16322467,-15460448,-1282523,0,420505,0
144,687834,0,4042445,-11626565,-905239,0,7801525,0
145,0,0,1138486,-5827354,-239457,0,4928325,0
146,21522996,0,0,-2575215,-3263344,0,-15684437,0
147,72561527,0,0,-765887,-48686128,0,-23109512,0
148,17614457,0,0,-1003649,-16415527,0,-195281,0
149,25944796,0,0,-3343496,-22543904,0,-57396,0
150,18665194,0,0,-14352732,-6601637,0,2289174,0
151,17230283,51,333,-12977750,-3126777,0,-1126141,0
152,1577937,4856204,5773231,-24552441,-59290,0,12404358,0
153,0,11866546,13866106,-29290855,-1492054,0,5050257,0
154,7023777,8858770,13518874,-28442525,-3320596,0,2361700,0
155,14685089,4523987,11329445,-23818682,-5053536,0,-1666304,0
156,419339,1005885,3523059,-12707709,-871092,0,8630518,0
157,0,1334315,727077,-8308756,-261225,0,6508589,0
158,11148719,0,0,-3299281,-861655,0,-6987783,0
159,20201948,0,0,-761886,-5083911,0,-14356151,0
160,16317429,0,0,-1260928,-6772450,0,-8284051,0
161,51095885,0,0,-2017532,-44582875,0,-4495478,0
162,6989847,0,344,-10857637,-2114223,0,5981670,0
163,3278967,2337614,2602221,-18351517,-178972,0,10311686,0
164,5193901,7120272,8375167,-22206913,-302293,0,1819867,0
165,866227,10081602,12582237,-25598559,-1267078,0,3335570,0
166,794738,2479820,18784065,-25171257,-1493614,0,4606248,0
167,1046969,11878,16241088,-16574191,-1302910,0,577166,0
168,0,0,3929902,-10875587,-824165,0,7769850,0
169,15772076,1194647,581471,-9536146,-2647609,0,-5364440,0
170,5996809,0,0,-3312261,-496542,0,-2188006,0
171,27706885,0,0,-1195084,-8271925,0,-18239877,0
172,9753292,0,0,-972391,-5096178,0,-3684723,0
173,71742025,0,0,-1465220,-65034560,0,-5242245,0
174,4920519,0,585,-13079816,-538363,0,8697076,0
175,5797288,1770976,1894021,-14835855,-462173,0,5835743,0
176,14136028,5621615,6607095,-21088346,-1396765,0,-3879626,0
177,1678262,7992740,9259310,-21442184,-1734713,0,4246585,0
178,1780889,6880556,13434091,-25881665,-2300667,0,6086796,0
179,0,323740,17117154,-19218263,-1382360,0,3159730,0
180,0,20201,3498617,-9750959,-719800,0,6951942,0
181,1364229,54108,995536,-6472648,-288181,0,4346956,0
182,25522480,0,0,-2674172,-4748478,0,-18099831,0
183,64441128,0,0,-748122,-46618942,0,-17074064,0
184,33588155,0,0,-790321,-32515161,0,-282673,0
185,10428971,0,0,-1298470,-9425917,0,295417,0
186,11863470,0,0,-7276437,-4291164,0,-295869,0
187,6441019,2442,12119,-14274484,-570973,0,8389878,0
188,3469312,4703382,5371521,-23045010,-163420,0,9664215,0
189,1106884,10231969,11749224,-26049380,-267937,0,3229240,0
190,0,7239935,15104279,-25327665,-1756303,0,4739754,0
191,2919419,1464763,13211709,-17877575,-1125176,0,1406860,0
192,0,768432,3335480,-10736993,-734220,0,7367300,0
193,489010,931953,560846,-6017891,-224159,0,4260242,0
194,19743731,0,0,-2629212,-2790286,0,-14324233,0
195,27559644,0,0,-732282,-9458821,0,-17368540,0
196,8608706,0,0,-695046,-5159101,0,-2754558,0
197,19840463,0,0,-1134120,-15133682,0,-3572660,0
198,1317238,200,3027,-11900991,-89676,0,10670201,0
199,841260,3036081,3451633,-15516208,-31633,0,8218867,0
200,2972570,8433243,9821096,-23662308,-189823,0,2625221,0
201,270306,2906651,14479067,-21715361,-502876,0,4562213,0
202,1390857,112094,16303490,-17785691,-936963,0,916212,0
203,254192,0,14725767,-14212545,-911239,0,143825,0
204,277148,1328,3249990,-9037876,-676697,0,6186108,0
205,16379621,1039956,321547,-9310059,-2921317,0,-5509748,0
206,4312158,0,0,-3289704,-332903,0,-689550,0
207,15218881,0,0,-734027,-3734515,0,-10750339,0
208,28590677,0,0,-763120,-13613776,0,-14213781,0
209,31484755,0,0,-1458208,-27348340,0,-2678208,0
210,2675321,0,538,-9596566,-218277,0,7138984,0
211,1972196,2098622,2283947,-14785782,-140000,0,8571016,0
212,5722405,7129875,8331712,-22378353,-408775,0,1603137,0
213,775659,9805084,11218409,-23731639,-1459876,0,3392363,0
214,0,3203512,15457512,-22001880,-1332603,0,4673459,0
215,0,59359,14675252,-14980711,-1019897,0,1265996,0
216,0,0,3677394,-10018325,-735118,0,7076048,0
217,2609839,284094,792460,-6386571,-385474,0,3085652,0
218,10487240,0,0,-3332686,-1011122,0,-6143432,0
219,7545058,0,0,-734114,-1482495,0,-5328449,0
220,5740828,0,0,-945724,-1464520,0,-3330584,0
221,21909486,0,0,-1132233,-7652075,0,-13125178,0
222,8183859,8779,61941,-9588209,-2214051,0,3547681,0
223,1156192,3035810,3871977,-15887096,-80161,0,7903277,0
224,13803202,7416230,8652643,-24339294,-2427186,0,-3105595,0
225,10785656,7096544,8861162,-25294548,-3559643,0,2110828,0
226,0,401066,17349429,-21946342,-1361402,0,5557249,0
227,1037759,4271,14483671,-14776772,-1149394,0,400465,0
228,202791,0,3853323,-10990364,-782280,0,7716530,0
229,8602192,620967,587896,-9705464,-1701666,0,1596076,0
230,8556114,0,0,-3185619,-637211,0,-4733283,0
231,7281414,0,0,-735970,-1229221,0,-5316223,0
232,25942097,0,0,-770035,-8293928,0,-16878134,0
233,17659970,0,0,-1352993,-11253515,0,-5053462,0
234,9075931,0,0,-10861499,-1776436,0,3562004,0
235,15729640,14218,21950,-14274482,-2164968,0,673642,0
236,4222122,3209170,3769182,-19788913,-195617,0,8784057,0
237,2422703,8724857,9970356,-24108597,-254921,0,3245603,0
238,1426371,9872587,12524249,-25946675,-2356242,0,4479711,0
239,0,1134111,14151470,-17679159,-1029081,0,3422659,0
240,4380400,229268,3318076,-12773528,-1249718,0,6095502,0
241,30436565,1704648,526485,-8707412,-6448660,0,-17511626,0
242,8512003,0,0,-2651855,-1869653,0,-3990495,0
243,29362397,0,0,-770511,-18754360,0,-9837525,0
244,5626776,0,0,-936590,-4474161,0,-216025,0
245,11230782,0,0,-1076545,-9329522,0,-824715,0
246,26458534,0,0,-8467095,-17895226,0,-96213,0
247,3121613,34658,45735,-12918875,-156252,0,9873121,0
248,10159962,3347128,3755272,-18443338,-721498,0,1902474,0
249,7058115,7445886,8514002,-23814837,-884890,0,1681724,0
250,2026901,8399534,8889136,-21149882,-2114312,0,3948621,0
251,953280,4725479,10058270,-18148910,-1488716,0,3900598,0
252,275050,845473,3947042,-15153717,-849402,0,10935553,0
253,6515048,922979,285619,-8656796,-1180552,0,2113702,0
254,5373219,0,0,-2385588,-409340,0,-2578291,0
255,4368965,0,0,-779542,-361961,0,-3227461,0
256,22015796,0,0,-879804,-6058911,0,-15077080,0
257,7643243,0,0,-1513126,-2577400,0,-3552717,0
258,26207182,0,0,-9187188,-9399192,0,-7620803,0
259,9420633,2134,8762,-15077799,-2260752,0,7907022,0
260,1566152,5494687,6312451,-23133252,-75259,0,9835222,0
261,3236704,7906861,9257145,-21861347,-369243,0,1829879,0
262,473234,2597945,13133004,-19738154,-878058,0,4412029,0
263,0,21527,13732094,-14225846,-718076,0,1190301,0
264,0,0,3499843,-9893847,-621292,0,7015297,0
265,4104420,167168,1095174,-6221562,-537851,0,1392651,0
266,21749833,0,0,-2934147,-4003471,0,-14812215,0
267,42165816,0,0,-1202618,-21129962,0,-19833236,0
268,10321008,0,0,-1043898,-8424995,0,-852115,0
269,2543407,0,0,-1350280,-1764180,0,571054,0
270,7929942,0,532,-11657079,-1061584,0,4788188,0
271,4537551,903684,876625,-16366428,-508214,0,10556782,0
272,10391819,7270989,8412563,-22635895,-1027008,0,-2412467,0
273,1142727,2001727,13962511,-24267457,-798506,0,7958999,0
274,8806442,92683,14520856,-20882976,-2549546,0,12542,0
275,2466918,0,11433386,-14163149,-1110278,0,1373123,0
276,9038497,296492,2558113,-10474305,-2343189,0,924392,0
277,830657,453828,955272,-9333634,-241060,0,7334936,0
278,2605596,0,0,-2430076,-206112,0,30593,0
279,3357496,0,0,-867659,-261924,0,-2227913,0
280,9409530,0,0,-1097997,-1237121,0,-7074412,0
281,20517177,0,0,-1240626,-6421116,0,-12855436,0
282,20019887,0,113,-11569506,-6749056,0,-1701438,0
283,1301075,1475675,1712620,-16002416,-77108,0,11590154,0
284,3609679,1118840,11548802,-21722153,-267861,0,5712693,0
285,1754142,26623,15756405,-18288368,-588393,0,1339592,0
286,1155908,0,15451431,-15997613,-844232,0,234506,0
287,1551351,0,13119222,-13802157,-1062087,0,193671,0
288,11477967,168123,3278320,-11711705,-2997058,0,-215646,0
289,16264420,1275850,791782,-10271080,-3075801,0,-4985171,0
290,11988701,0,0,-3004862,-2713700,0,-6270139,0
291,25719979,0,0,-686635,-12754968,0,-12278376,0
292,6489672,0,0,-1217203,-4689623,0,-582846,0
293,43825341,0,0,-1650584,-40137551,0,-2037206,0
294,4859104,0,672,-12124361,-533256,0,7797840,0
295,2453973,2419172,2560034,-16037909,-227717,0,8832446,0
296,9461064,3145643,8789391,-22357103,-782013,0,1743018,0
297,2412604,568241,15342719,-22295623,-796112,0,4768171,0
298,3261284,0,13578562,-17017552,-990341,0,1168046,0
299,1597553,0,12027384,-13368355,-957282,0,700699,0
300,314326,0,3123623,-9010368,-629459,0,6201877,0
301,2661520,30484,1235115,-6600266,-412366,0,3085512,0
302,4558693,0,0,-2569330,-352375,0,-1636989,0
303,41828780,0,0,-519758,-13126953,0,-28182070,0
304,42330988,0,0,-628094,-36265415,0,-5437478,0
305,9149336,0,0,-1107450,-7897811,0,-144074,0
306,29768289,0,0,-10716576,-23169472,0,4117758,0
307,7533512,1752511,1825649,-19143811,-631370,0,8663508,0
308,6124661,7456049,8619150,-23078345,-654945,0,1533429,0
309,2190142,8779162,11322825,-25183890,-1938098,0,4829858,0
310,0,1897002,15189247,-21658915,-1097350,0,5670016,0
311,0,15363,14140744,-14322715,-1004183,0,1170790,0
312,0,8570,3265927,-9203071,-636846,0,6565421,0
313,40429130,1339402,415710,-6965667,-10333822,0,-24884754,0
314,11164614,0,0,-3234062,-4337937,0,-3592615,0
315,20064140,0,0,-392472,-16283211,0,-3388456,0
316,37395714,0,0,-452571,-36255903,0,-687241,0
317,37867896,0,0,-1127501,-36616321,0,-124074,0
318,11660911,0,0,-10142851,-2538849,0,1020789,0
319,11349354,1527,7582,-16173358,-1741753,0,6556649,0
320,3030839,5568875,6382157,-24985456,-218385,0,10221971,0
321,2612140,9522366,10938185,-25164700,-577369,0,2669378,0
322,0,7520665,13450890,-23442700,-1842785,0,4313930,0
323,3609679,1292697,11367497,-17018402,-1127420,0,1875949,0
324,801024,602360,2557789,-9354135,-568602,0,5961564,0
325,1844315,1154748,833339,-7359516,-375825,0,3902938,0
326,14003986,0,0,-2560773,-1845096,0,-9598117,0
327,3762448,0,0,-464544,-806042,0,-2491862,0
328,10275035,0,0,-678426,-2507477,0,-7089132,0
329,2674408,0,0,-1313274,-690034,0,-671100,0
330,11845404,48114,328552,-11457509,-1511623,0,747061,0
331,11746338,2804067,3302777,-16065861,-1117962,0,-669359,0
332,13858377,6515454,7502551,-23654970,-4003770,0,-217644,0
333,301869,1252676,15728532,-24444801,-1265805,0,8427529,0
334,1460095,0,15647302,-16867430,-1255509,0,1015542,0
335,0,0,13265177,-12781804,-964055,0,480682,0
336,0,13331,3304566,-9250561,-644381,0,6577045,0
337,2908612,116401,678078,-6410749,-415217,0,3122876,0
338,16401213,0,0,-1664675,-2250596,0,-12485942,0
339,17127778,0,0,-482909,-5139964,0,-11504905,0
340,11660808,0,0,-743953,-5499787,0,-5417068,0
341,31111816,0,0,-978944,-24371950,0,-5760922,0
342,6448462,0,0,-11184629,-770792,0,5506959,0
343,7882492,268604,196847,-16346879,-857820,0,8856757,0
344,7886695,6626006,7571599,-22801030,-528703,0,1245433,0
345,0,10701693,12335403,-26402067,-1118328,0,4483300,0
346,0,4342536,13555803,-21889756,-1283960,0,5275377,0
347,7264308,217089,11815112,-17173796,-1951472,0,-171240,0
348,6148836,177288,2585881,-10974501,-1456781,0,3519277,0
349,2729183,556012,963803,-8031999,-506074,0,4289075,0
350,2904158,0,0,-1645023,-251134,0,-1008001,0
351,15244065,0,0,-521670,-2670298,0,-12052097,0
352,15933425,0,0,-650847,-5076170,0,-10206407,0
353,283413,0,0,-1505948,-88028,0,1310562,0
354,2168073,94139,540883,-12112226,-160276,0,9469407,0
355,1177071,4416174,6573221,-18472146,-64651,0,6370331,0
356,8195330,6736803,7763823,-18205108,-725248,0,-3765601,0
357,4752126,4398646,12499849,-22582347,-1077417,0,2009143,0
358,2909254,128828,16035566,-19728983,-1051052,0,1706386,0
359,534845,0,13438069,-13551725,-991219,0,570030,0
360,0,0,3232084,-8826351,-630247,0,6224514,0
361,0,0,1183685,-5411220,-230815,0,4458350,0
362,11367729,0,0,-1998870,-957686,0,-8411173,0
363,15558372,0,0,-415797,-3803014,0,-11339560,0
364,11646816,0,0,-624697,-3611059,0,-7411061,0
365,15986196,0,0,-1191099,-8684624,0,-6110473,0
366,9670251,17368,212181,-13911730,-3103048,0,7114979,0
367,1215422,3724889,4817687,-19329258,-73903,0,9645163,0
368,849897,7924994,10793980,-23490158,-54650,0,3975937,0
369,3659122,386943,15079558,-21968055,-554867,0,3397300,0
370,0,0,16432396,-16009994,-761311,0,338909,0
371,3646518,0,10235662,-13620682,-1162602,0,901104,0
372,9361113,12187,410351,-11531146,-1020730,0,2768225,0
373,14670671,628418,169110,-7447404,-1342821,0,-6677974,0
374,6118191,0,0,-2273356,-852880,0,-2991955,0
375,27661013,0,0,-402466,-10024929,0,-17233617,0
376,11178977,0,0,-830027,-7864120,0,-2484830,0
377,3106930,0,0,-1401296,-1947598,0,241964,0
378,5951578,2736,102428,-13663877,-635307,0,8242442,0
379,7108643,2131447,2390095,-16280645,-567875,0,5218335,0
380,4815593,7066083,7200485,-21878029,-397302,0,3193170,0
381,8312436,4770787,9389949,-24886330,-1877050,0,4290208,0
382,2025260,832457,9071985,-20691707,-240150,0,9002155,0
383,988844,25473,6110391,-12960204,-159031,0,5994528,0
384,878538,47514,1258210,-5723769,-118495,0,3658001,0
385,875580,0,386091,-3472582,-53668,0,2264578,0
386,8782334,0,0,-2550418,-709555,0,-5522361,0
387,33791667,0,0,-304762,-7058183,0,-26428722,0
388,22613174,0,0,-784195,-13767203,0,-8061776,0
389,11851133,0,0,-1292118,-7878992,0,-2680022,0
390,19149931,0,0,-8495921,-11638089,0,984080,0
391,3008391,1147573,1286188,-17619873,-164609,0,12342331,0
392,6649291,6986275,8412772,-23811860,-459997,0,2223519,0
393,4678892,8148634,9760791,-24140912,-1159398,0,2711993,0
394,0,6583043,13506137,-23791117,-1353947,0,5055883,0
395,2557434,377931,11380958,-15129155,-975462,0,1788293,0
396,4899741,470084,2519201,-10582416,-1311566,0,4004956,0
397,1978258,1025681,543883,-7263055,-273582,0,3988814,0
398,6303012,0,0,-2427220,-496524,0,-3379268,0
399,13221496,0,0,-361647,-2584540,0,-10275310,0
400,24002398,230488,0,-626122,-8168878,0,-15437887,0
401,11111428,820117,0,-1100576,-7460337,0,-3370632,0
402,13891063,1861456,5197,-10399466,-6995864,0,1637614,0
403,5604880,509028,636700,-16949413,-591358,0,10790163,0
404,3335430,8627422,9979454,-25430918,-353282,0,3841893,0
405,0,9785082,11497578,-24995489,-1022393,0,4735222,0
406,0,2644083,13938639,-21022382,-766343,0,5206003,0
407,1624499,655135,10652871,-14496494,-576876,0,2140865,0
408,692616,326067,2604647,-9032067,-409813,0,5818551,0
409,2270285,193927,1014426,-5851656,-303998,0,2677016,0
410,30781119,0,0,-2454086,-5574486,0,-22752548,0
411,33611281,0,0,-403959,-18473956,0,-14733365,0
412,6618307,0,0,-705428,-5300668,0,-612210,0
413,35781727,0,0,-893803,-31779334,0,-3108589,0
414,14744926,0,0,-11077830,-5675137,0,2008041,0
415,7855219,184502,142235,-18295513,-1888005,0,12001563,0
416,974554,8325924,9545768,-24434696,-52128,0,5640579,0
417,0,10543146,12264189,-24708575,-929715,0,2830956,0
418,862350,3809293,14261393,-21770943,-1315413,0,4153320,0
419,3068322,1090194,12800902,-16447411,-1267098,0,755092,0
420,4100609,1244072,2545698,-11029170,-1288420,0,4427211,0
