"kstp","kper","storage_in","constant_head_in","wells_in","drno_drains_in","recharge_in","et_segments_in","stream_leakage_in","total_in","storage_out","constant_head_out","wells_out","drno_drains_out","recharge_out","et_segments_out","stream_leakage_out","total_out","difference","discrepancy"
31,1,10994329,0,2284088.75,0,252775.4375,0,12839409,26370602,6184092.5,0,410295.7188,368470.9375,0,27878.7539,19396646,26387384,-16782,-0.06
30,2,3864642,0,2210408.75,0,462790.6875,0,15449113,21986954,4083733.5,0,0,283385.625,0,2823.9297,17620810,21990752,-3798,0.02
31,3,12957730,0,4568184.25,0,557613.9375,0,30498895,48582422,9273403.5,0,410295.7188,627571.625,0,27878.7539,38261878,48601032,-18610,-0.05
31,4,5136562,0,4494499.75,0,857316.1875,0,36862361,47350738,7470219.5,0,0,520495.5,0,2823.9297,39356002,47349536,1202,0.03
28,5,14477794,0,6631224.25,0,1119710.4375,0,53352151,75580878,13508590.5,0,410295.7188,832760.625,0,27878.7539,60865422,75644952,-64074,-0.08
31,6,7016410,0,6778579.75,0,3836307.5625,0,64985737,82617042,13564951.5,0,108264.4374,753476.375,0,2823.9297,68276874,82706392,-89350,-0.02
30,7,16351406,0,9869004.25,0,1978985.4375,0,77932391,106131774,15124242.5,0,2413583.5626,1070497.5,0,28092.4141,87584294,106220712,-88938,-0.07
31,8,9424874,0,10124285.75,0,4529421.0625,0,94033145,118111746,15846955.5,0,5833732.9374,1005501.125,0,6160.5078,95519882,118212232,-100486,-0.01
30,9,24644542,0,10382784.25,0,3151355.4375,0,100109191,138287854,15314602.5,0,11065629.0626,1312284.125,0,40123.0547,110692502,138425144,-137290,-0.08
31,10,19524186,0,10655191.75,0,6219317.5625,0,105076217,141474930,16017089.5,0,14939364.9374,1217075.875,0,22857.6641,109389802,141586184,-111254,-0.01
31,11,32485494,0,10382784.25,0,4148284.4375,0,108920327,155936878,15440550.5,0,18767135.0626,1493613.125,0,68909.2734,120322950,156093176,-156298,-0.08
30,12,23903622,0,10655191.75,0,6794147.5625,0,112930089,154283058,17857859.5,0,16899396.9374,1390877.625,0,40648.7578,118202298,154391048,-107990,-0.01
31,13,34954762,0,12666864.25,0,5029986.4375,0,117623911,170275534,18784632.5,0,19151631.0626,1678936.875,0,72930.1328,130746790,170434936,-159402,-0.07
30,14,25013766,0,12865591.75,0,10409387.5625,0,125138745,173427474,23921139.5,0,16899396.9374,1570352.625,0,41952.8438,131110234,173543048,-115574,-0.01
31,15,35576226,0,14950944.25,0,8703164.4375,0,138636647,197866990,28295580.5,0,19151631.0626,1865283.375,0,72930.1328,148647110,198032568,-165578,-0.07
31,16,25172314,0,15149671.75,0,14137509.5625,0,146835065,201294546,28833323.5,0,16899396.9374,1767738.625,0,41952.8438,153850938,201393320,-98774,-1.38777878078145e-17
29,17,36478014,0,17087664.25,0,8969326.4375,0,165925031,228460046,34362596.5,0,19151631.0626,2056253.125,0,72930.1328,173013382,228656824,-196778,-0.07
31,18,26338510,0,17433751.75,0,16539947.5625,0,175038201,235350386,31969287.5,0,17093704.9374,2058910.125,0,41952.8438,184379226,235543048,-192662,-0.01
30,19,39082866,0,20325504.25,0,10087546.4375,0,199156711,268652654,39443912.5,0,22129207.0626,2356362.875,0,72941.4609,204928678,268931128,-278474,-0.08
31,20,34439910,0,20779519.75,0,17470195.5625,0,200320601,273010194,32703727.5,0,26274064.9374,2488565.625,0,50541.8282,211760218,273277128,-266934,-0.02
30,21,49530194,0,20839224.25,0,12978166.4375,0,210704743,294052334,39721176.5,0,31613555.0626,2659747.375,0,87581.6249,220251078,294333112,-280778,-0.08
31,22,42694454,0,21310363.75,0,18872635.5625,0,210044345,292921810,32904895.5,0,34952100.9374,2703061.125,0,76389.4845,222558682,293195144,-273334,-0.01
31,23,58466058,0,20839224.25,0,13876856.4375,0,217657927,310840046,39781240.5,0,40643707.0626,2827705.375,0,123109.9217,227757638,311133432,-293386,-0.08
30,24,46727918,0,21310363.75,0,19622815.5625,0,216305465,303966610,35491535.5,0,36534092.9374,2864486.125,0,88547.8439,229259738,304238344,-271734,-0.01
31,25,60027818,0,23123304.25,0,17404408.4375,0,231470247,332025710,49170840.5,0,40976923.0626,3015264.375,0,124636.7499,239039366,332327096,-301386,-0.08
30,26,47555670,0,23520763.75,0,21463735.5625,0,232893081,325433298,42231343.5,0,36534092.9374,3109074.625,0,88547.8439,243748474,325711432,-278134,-0.01
31,27,60286922,0,25407384.25,0,27010068.4375,0,254321159,367025454,61355104.5,0,40976923.0626,3568072.875,0,124636.7499,261307462,367332280,-306826,-0.07
31,28,48793534,0,25804843.75,0,37814747.5625,0,261903961,374317138,57721079.5,0,36534092.9374,4041453.125,0,88547.8439,276271866,374656968,-339830,-0.02
28,29,63405730,0,27470424.25,0,27554500.4375,0,283281831,401712430,63808520.5,0,40976923.0626,3955461.375,0,124636.7499,293228934,402094520,-382090,-0.07
31,30,52314326,0,28088923.75,0,40828867.5625,0,306546713,427778898,66987143.5,0,36534092.9374,4778143.625,0,88547.8439,319732538,428120392,-341494,-0.02
30,31,65942354,0,30708264.25,0,30045700.4375,0,319419815,446116078,65891536.5,0,40997563.0626,4494824.375,0,124666.5311,335065158,446573816,-457738,-0.07
31,32,55339358,0,31434691.75,0,42189891.5625,0,351438361,480402322,71713967.5,0,40378284.9374,5262778.625,0,89244.9377,363289338,480733576,-331254,-0.02
30,33,76852450,0,31221984.25,0,32374180.4375,0,355900967,496349550,66714608.5,0,51908979.0626,5195212.375,0,147439.9685,372954886,496921144,-571594,-0.07
31,34,64325374,0,31965535.75,0,44076675.5625,0,373066649,513434258,72042399.5,0,47815452.9374,5699049.625,0,132496.219,388152314,513841672,-407414,-0.03
31,35,84542754,0,31221984.25,0,35084324.4375,0,367263591,518112622,66942544.5,0,57465259.0626,5587776.375,0,171253.8122,388522310,518689208,-576586,-0.07
30,36,68868142,0,31965535.75,0,45473475.5625,0,382522393,528829586,73210399.5,0,49221860.9374,6009249.625,0,148456.0316,400650106,529240008,-410422,-0.02
31,37,86242738,0,33506064.25,0,36519252.4375,0,382557223,538825198,71671696.5,0,57789315.0626,5927005.375,0,177465.1246,403842502,539408056,-582858,-0.07
30,38,69486878,0,34175935.75,0,46450995.5625,0,400285721,550399634,77213503.5,0,49221860.9374,6330302.625,0,149907.3442,417889146,550804680,-405046,-0.02
31,39,86600818,0,35790144.25,0,41028140.4375,0,405465895,568884846,77727136.5,0,57789315.0626,6427909.375,0,177465.1246,427350790,569472568,-587722,-0.07
31,40,69932414,0,36460015.75,0,51609395.5625,0,425130777,583132818,82778639.5,0,49221860.9374,6867618.625,0,149907.3442,444565114,583583176,-450358,-0.02
28,41,88280450,0,37853184.25,0,41156044.4375,0,427695079,594984558,78827088.5,0,57789315.0626,6751052.375,0,177465.1246,452070534,595615416,-630858,-0.07
31,42,70846862,0,38744095.75,0,52432755.5625,0,452563673,614587538,84941471.5,0,49555724.9374,7242055.625,0,149907.3442,473198010,615087176,-499638,-0.02
30,43,91730818,0,41091024.25,0,41324284.4375,0,452639015,626785006,80685184.5,0,61615483.0626,7088037.375,0,182816.187,477929158,627500728,-715722,-0.08
31,44,74967214,0,42089863.75,0,54064595.5625,0,480685849,651807634,86952495.5,0,58127316.9374,7781657.625,0,170226.5005,499337530,652369224,-561590,-0.02
30,45,105407986,0,41604864.25,0,42558124.4375,0,464950183,654521070,80763040.5,0,74074435.0626,7461257.375,0,212576.6245,492779846,655291192,-770122,-0.08
31,46,86913166,0,42620831.75,0,54841331.5625,0,488154265,672529682,87102687.5,0,70326924.9374,7999453.625,0,227218.938,507441018,673097288,-567606,-0.02
31,47,114447586,0,41604864.25,0,43393140.4375,0,469694567,669140078,80882512.5,0,83154259.0626,7638177.375,0,244017.5308,497997830,669916856,-776778,-0.08
30,48,91297326,0,42620831.75,0,55464611.5625,0,491984985,681367826,89015839.5,0,72771740.9374,8166995.625,0,244624.1254,511737786,681936968,-569142,-0.02
31,49,117153554,0,43888944.25,0,43567484.4375,0,474928999,679538926,85081296.5,0,83603779.0626,7814205.375,0,252877.7184,503561222,680313400,-774474,-0.08
30,50,92341886,0,44831231.75,0,61106771.5625,0,500703129,698983058,97605247.5,0,72771740.9374,8340899.625,0,244624.1254,520581690,699544264,-561206,-0.02
31,51,117863986,0,46173024.25,0,47329148.4375,0,488866407,700232558,91904480.5,0,83603779.0626,8033799.375,0,252877.7184,517218758,701013560,-781002,-0.08
31,52,94769630,0,47115311.75,0,97848467.5625,0,545482521,785215890,142856943.5,0,72771740.9374,10361944.625,0,244624.1254,559593786,785829192,-613302,-0.01
28,53,128147442,0,48236064.25,0,47528060.4375,0,526737191,750648814,96581344.5,0,83603779.0626,8861879.375,0,252877.7184,562194374,751494072,-845258,-0.08
31,54,98384014,0,49399391.75,0,118968643.5625,0,590316505,857068562,159269007.5,0,72771740.9374,12304646.625,0,244624.1254,613129402,857719624,-651062,-0.01
30,55,134241826,0,51473904.25,0,50619740.4375,0,564372903,800708334,99149296.5,0,83607619.0626,9761927.375,0,252877.7184,608793542,801565112,-856778,-0.08
31,56,103212126,0,52745159.75,0,120337107.5625,0,632892505,909186962,161317343.5,0,78024444.9374,12917014.625,0,245321.6254,657335482,909839688,-652726,-0.01
30,57,142813474,0,51987744.25,0,52428860.4375,0,602037543,849267566,99841120.5,0,93277507.0626,10502193.375,0,289671.7496,646260550,850170936,-903370,-0.08
31,58,109786398,0,53276127.75,0,123528867.5625,0,661277529,947868946,161895503.5,0,84607180.9374,13598074.625,0,293598.3754,688237754,948632264,-763318,-0.01
31,59,153286210,0,51987744.25,0,54170812.4375,0,616355239,875800046,99959968.5,0,99781491.0626,10936409.375,0,328831.7496,665712582,876719160,-919114,-0.08
30,60,114749230,0,53276127.75,0,124673667.5625,0,672085465,964784402,162889231.5,0,85965484.9374,13946138.625,0,313648.4379,702435642,965550280,-765878,-0.01
31,61,155347186,0,54271824.25,0,54502636.4375,0,632233127,896354798,103699104.5,0,100198499.0626,11260579.375,0,338942.8746,681781062,897278008,-923210,-0.08
30,62,115508494,0,55486527.75,0,125563107.5625,0,691208409,987766546,166644799.5,0,85965484.9374,14288126.625,0,315701.2504,721298234,988512584,-746038,-0.01
31,63,157747570,0,56555904.25,0,77931676.4375,0,669445415,961680622,129693920.5,0,100198499.0626,13144773.375,0,338942.8746,719327814,962703800,-1023178,-0.08
31,64,117713582,0,57770607.75,0,164107763.5625,0,726106457,1065698322,185722495.5,0,85965484.9374,17572670.625,0,315701.2504,776880058,1066456648,-758326,-0.01
29,65,166458866,0,58692624.25,0,80059116.4375,0,714535207,1019745902,133969856.5,0,100198499.0626,14540239.375,0,338942.8746,771754310,1020801592,-1055690,-0.08
31,66,123269582,0,60054687.75,0,166303555.5625,0,764636249,1114263954,186453279.5,0,85965484.9374,18476428.625,0,315701.2504,823870906,1115082056,-818102,-0.01
30,67,170141138,0,61930464.25,0,82024236.4375,0,753082535,1067178606,137449280.5,0,100248899.0626,15316663.375,0,339130.3746,814943686,1068297400,-1118794,-0.08
31,68,130704366,0,63400455.75,0,166793603.5625,0,804803417,1165701522,188879903.5,0,92526620.9374,19066312.625,0,317114.6254,865750586,1166540872,-839350,-0.01
30,69,183170098,0,62444304.25,0,83461356.4375,0,780418087,1109494126,137542080.5,0,112292995.0626,16061615.375,0,407799.8121,844416070,1110720184,-1226058,-0.08
31,70,139974702,0,63931423.75,0,168689315.5625,0,822419545,1195014802,189195551.5,0,101264668.9374,19546468.625,0,366244.4379,885493946,1195867208,-852406,-0.01
31,71,192569042,0,62444304.25,0,84704828.4375,0,790922919,1130641262,137614848.5,0,120929619.0626,16387851.375,0,437873.0621,856515014,1131884984,-1243722,-0.08
30,72,144844654,0,63931423.75,0,169564835.5625,0,831128537,1209469330,191261919.5,0,102617404.9374,19871428.625,0,379275.2504,896149690,1210280008,-810678,-0.01
31,73,194684946,0,64728384.25,0,86434380.4375,0,804535847,1150383726,143092704.5,0,121313923.0626,16811455.375,0,442136.8746,869972294,1151632312,-1248586,-0.08
30,74,145522062,0,66141823.75,0,179033795.5625,0,866980441,1257677970,212718751.5,0,102617404.9374,20728124.625,0,380927.5629,922064570,1258509896,-831926,-0.01
31,75,199743538,0,67012464.25,0,122618556.4375,0,852828199,1242202990,173864064.5,0,121313923.0626,20097259.375,0,442136.8746,927739974,1243457208,-1254218,-0.07
31,76,157213934,0,68425903.75,0,204880355.5625,0,913829593,1344349586,226433887.5,0,102617404.9374,24736240.625,0,380927.5629,991096634,1345265224,-915638,-0.01
28,77,210013554,0,69075504.25,0,122886460.4375,0,883861415,1285837166,174220864.5,0,121313923.0626,20931111.375,0,442136.8746,970330310,1287238328,-1401162,-0.08
31,78,160811470,0,70709983.75,0,207187747.5625,0,946791001,1385499794,227456959.5,0,102617404.9374,25568092.625,0,380927.5629,1030482106,1386505544,-1005750,-0.01
30,79,215635602,0,72313104.25,0,123220540.4375,0,916546471,1327716206,177449088.5,0,123073427.0626,21549851.375,0,442813.7496,1006697030,1329212088,-1495882,-0.08
31,80,170883886,0,74055503.75,0,208290851.5625,0,976312281,1429542034,227797439.5,0,114188300.9374,26368152.625,0,434872.9379,1061848378,1430637384,-1095350,-0.01
30,81,224479698,0,72826704.25,0,126394300.4375,0,938328743,1362029934,177653248.5,0,133476611.0626,22346739.375,0,493028.8121,1029587526,1363557048,-1527114,-0.08
31,82,177331406,0,74586223.75,0,209691555.5625,0,991558745,1453167506,228447615.5,0,118748108.9374,26852684.625,0,460983.7504,1079763386,1454272840,-1105334,-0.01
31,83,227704434,0,72826704.25,0,129449660.4375,0,952283175,1382264430,179804384.5,0,133939843.0626,22874471.375,0,493936.6871,1046681542,1383794104,-1529674,-0.08
30,84,179806734,0,74586223.75,0,211408035.5625,0,1005653593,1471454098,229521439.5,0,118876268.9374,27287496.625,0,460983.7504,1096414138,1472560456,-1106358,-0.01
31,85,228445682,0,75110784.25,0,133163708.4375,0,971297703,1408018542,184722464.5,0,133963155.0626,23388387.375,0,493936.6871,1066975046,1409542840,-1524298,-0.08
30,86,180017358,0,76796623.75,0,219282915.5625,0,1028117209,1504213394,236520319.5,0,118876268.9374,27965496.625,0,460983.7504,1121508538,1505331784,-1118390,-0.01
31,87,229386642,0,77394864.25,0,137233884.4375,0,995857959,1439874158,187327264.5,0,133963155.0626,23950039.375,0,493936.6871,1095682118,1441416376,-1542218,-0.08
31,88,182030126,0,79080703.75,0,243381571.5625,0,1067125849,1571617426,257840383.5,0,118876268.9374,29824568.625,0,460983.7504,1165764026,1572766280,-1148854,-0.01
28,89,235879378,0,79457904.25,0,137378140.4375,0,1032619303,1485335406,188791008.5,0,133963155.0626,24571487.375,0,493936.6871,1139059526,1486879160,-1543754,-0.08
31,90,186304142,0,81364783.75,0,251742147.5625,0,1114599001,1634009234,267970239.5,0,118876268.9374,31366692.625,0,460983.7504,1216546746,1635220808,-1211574,-0.01
30,91,242518994,0,82695504.25,0,138058780.4375,0,1069351847,1532626030,190503392.5,0,134040915.0626,25225571.375,0,494204.8121,1183975238,1534239416,-1613386,-0.08
31,92,191660590,0,84710303.75,0,253000003.5625,0,1155989337,1685359506,270014751.5,0,122471564.9374,31985244.625,0,461330.5629,1261701818,1686634568,-1275062,-0.01
30,93,249070706,0,83209104.25,0,141125020.4375,0,1111199143,1584604782,191588288.5,0,143950131.0626,26061115.375,0,518203.9996,1224130118,1586248120,-1643338,-0.08
31,94,199256302,0,85241023.75,0,255638723.5625,0,1186447705,1726582930,270264255.5,0,131011756.9374,32543064.625,0,523202.5629,1293660346,1728002376,-1419446,-0.01
31,95,259377938,0,83209104.25,0,143116956.4375,0,1127494567,1613199214,191639776.5,0,151085267.0626,26485435.375,0,555724.0621,1245097542,1614864056,-1664842,-0.08
30,96,202916686,0,85241023.75,0,258123203.5625,0,1199991641,1746271890,271833311.5,0,132310444.9374,32973172.625,0,540898.3129,1310036154,1747693640,-1421750,-0.01
31,97,260555474,0,85493184.25,0,145796348.4375,0,1147542951,1639388526,196780192.5,0,151401683.0626,26983499.375,0,559882.0621,1265315142,1641040824,-1652298,-0.08
30,98,203573614,0,87451423.75,0,279516803.5625,0,1229345625,1799886994,291282623.5,0,132310444.9374,34844120.625,0,540898.3129,1342324922,1801302600,-1415606,-0.01
31,99,265056466,0,87777264.25,0,150838684.4375,0,1180925863,1684598638,200134368.5,0,151401683.0626,27795067.375,0,559882.0621,1306433862,1686325176,-1726538,-0.08
31,100,204998158,0,89735503.75,0,300852739.5625,0,1264372569,1859958418,304538271.5,0,132310444.9374,36638644.625,0,540898.3129,1387395258,1861423176,-1464758,-0.01
28,101,270309138,0,89840304.25,0,152616348.4375,0,1217770151,1730536302,203170400.5,0,151401683.0626,28594259.375,0,559882.0621,1348576326,1732302776,-1766474,-0.08
31,102,209500910,0,92019583.75,0,302713731.5625,0,1304152665,1908386450,305763135.5,0,132310444.9374,37433400.625,0,540898.3129,1433893306,1909940808,-1554358,-0.01
30,103,274746066,0,93077904.25,0,152647068.4375,0,1254621607,1775093102,205606016.5,0,152987251.0626,29139263.375,0,560575.8121,1388616006,1776909496,-1816394,-0.08
31,104,216070542,0,95365103.75,0,303518243.5625,0,1346416473,1961370002,308496703.5,0,142657100.9374,38119256.625,0,585624.3129,1473050042,1962908488,-1538486,-0.01
30,105,283417842,0,93591504.25,0,154495068.4375,0,1291519911,1823024750,206038208.5,0,164925043.0626,29892575.375,0,617813.1871,1423426118,1824900024,-1875274,-0.08
31,106,225805742,0,95895823.75,0,305398083.5625,0,1368242777,1995341970,308793855.5,0,151262700.9374,38613472.625,0,628354.8129,1497627322,1996925512,-1583542,-0.01
31,107,291536850,0,93591504.25,0,156073340.4375,0,1303568295,1844770414,206203328.5,0,171218963.0626,30259767.375,0,641051.4371,1438326342,1846649784,-1879370,-0.08
30,108,230128206,0,95895823.75,0,306525123.5625,0,1379113817,2011662482,310311647.5,0,152770700.9374,38922104.625,0,642403.1879,1510600890,2013247560,-1585078,-0.01
31,109,293241586,0,95875584.25,0,157561340.4375,0,1319579815,1866258798,211087488.5,0,171680019.0626,30651351.375,0,648596.9371,1454074950,1868142520,-1883722,-0.08
30,110,230393454,0,98106223.75,0,313211523.5625,0,1402091865,2043802514,319806815.5,0,152770700.9374,39582520.625,0,642403.1879,1532568506,2045370952,-1568438,-0.01
31,111,294125266,0,98159664.25,0,160131612.4375,0,1344468391,1896885358,213969056.5,0,171680019.0626,31132359.375,0,648596.9371,1481362758,1898792888,-1907530,-0.08
31,112,231730446,0,100390303.75,0,333644739.5625,0,1436106073,2101870994,337080159.5,0,152770700.9374,41198776.625,0,642403.1879,1571774650,2103466568,-1595574,-0.01
29,113,297964946,0,100296384.25,0,162233532.4375,0,1378704807,1939200110,217208992.5,0,171680019.0626,31824695.375,0,648596.9371,1519784262,1941146552,-1946442,-0.08
31,114,232976014,0,102674383.75,0,339110659.5625,0,1472901209,2147661714,339038239.5,0,152770700.9374,42042560.625,0,642403.1879,1614791098,2149284936,-1623222,-0.01
30,115,300085650,0,103533984.25,0,166402812.4375,0,1416424103,1986446958,220448032.5,0,171691539.0626,32660167.375,0,648596.9371,1562977862,1988426168,-1979210,-0.08
31,116,239825262,0,106019903.75,0,339214819.5625,0,1509160793,2194220434,340503007.5,0,159150284.9374,42561464.625,0,644255.3129,1653017274,2195876424,-1655990,-0.01
30,117,307456658,0,104047584.25,0,166554492.4375,0,1445989031,2024048238,220552096.5,0,176717043.0626,33071983.375,0,677539.4371,1595094086,2026112696,-2064458,-0.08
31,118,249468654,0,106550623.75,0,340487555.5625,0,1526817113,2223323538,340569695.5,0,165192140.9374,42989560.625,0,688724.0629,1675597498,2225037640,-1714102,-0.01
31,119,317754322,0,104047584.25,0,167448284.4375,0,1456093863,2045344366,220565280.5,0,184896883.0626,33370399.375,0,708378.3121,1607887430,2047428280,-2083914,-0.08
30,120,254462382,0,106550623.75,0,341077955.5625,0,1535259481,2237350290,341977951.5,0,166833036.9374,43264904.625,0,714318.5629,1686243770,2239034184,-1683894,-0.01
31,121,319738514,0,106331664.25,0,169405500.4375,0,1469069735,2064545390,225730784.5,0,185216211.0626,33830191.375,0,712014.5621,1621144646,2066633400,-2088010,-0.08
30,122,255408302,0,108761023.75,0,342145475.5625,0,1552416857,2258731410,347077663.5,0,166833036.9374,43616024.625,0,714318.5629,1702176954,2260418376,-1686966,-0.01
31,123,320175506,0,108615744.25,0,171356764.4375,0,1489599399,2089747566,229674208.5,0,185216211.0626,34194679.375,0,712014.5621,1642035014,2091831992,-2084426,-0.08
31,124,255667630,0,111045103.75,0,344746499.5625,0,1573149273,2284608402,349320095.5,0,166833036.9374,44008984.625,0,714318.5629,1725422010,2286298440,-1690038,-0.01
28,125,320485394,0,110678784.25,0,172943580.4375,0,1509317799,2113425518,231347872.5,0,185216211.0626,34522911.375,0,712014.5621,1663708230,2115507384,-2081866,-0.08
31,126,256070062,0,113329183.75,0,349282915.5625,0,1601488729,2320170898,356633375.5,0,166931244.9374,44519464.625,0,714318.5629,1753084602,2321882952,-1712054,-0.01
30,127,325576274,0,113916384.25,0,173743260.4375,0,1532791207,2146027118,233359392.5,0,187789747.0626,34920407.375,0,712484.1871,1691421510,2148203704,-2176586,-0.08
31,128,263383662,0,116674703.75,0,350490179.5625,0,1627339609,2357888402,357955487.5,0,178629772.9374,45112656.625,0,734599.3129,1777244602,2359676744,-1788342,-0.01
30,129,340017682,0,114429984.25,0,175041180.4375,0,1543612071,2173100654,233419872.5,0,201895507.0626,35225783.375,0,736814.8121,1704074822,2175353016,-2252362,-0.08
31,130,273343534,0,117205423.75,0,351825411.5625,0,1634120537,2376494994,358192159.5,0,189326508.9374,45333936.625,0,784861.1879,1784654522,2378292040,-1797046,-0.01
31,131,349389842,0,114429984.25,0,175962748.4375,0,1548171175,2187953774,233482656.5,0,211438963.0626,35412327.375,0,767566.8121,1709109830,2190211256,-2257482,-0.08
30,132,277577582,0,117205423.75,0,352998531.5625,0,1637767001,2385548690,360514975.5,0,191748524.9374,45504968.625,0,800843.4379,1788778170,2387347784,-1799094,-0.01
31,133,352179346,0,116714064.25,0,176381372.4375,0,1553017767,2198292078,237588768.5,0,212064531.0626,35586671.375,0,777240.4371,1714531910,2200549048,-2256970,-0.08
30,134,278348846,0,119415823.75,0,362878851.5625,0,1650346073,2410989970,375272735.5,0,191748524.9374,45716896.625,0,802748.3129,1799249850,2412791112,-1801142,-0.01
31,135,352393938,0,118998144.25,0,190422140.4375,0,1583133095,2244947054,260432544.5,0,212064531.0626,36278367.375,0,777240.4371,1737661766,2247214264,-2267210,-0.08
31,136,281416814,0,121699903.75,0,376957315.5625,0,1686909017,2466983314,389343199.5,0,191748524.9374,46633872.625,0,802748.3129,1840378810,2468907336,-1924022,-0.01
28,137,353645714,0,121061184.25,0,199754876.4375,0,1611153575,2285615214,265974112.5,0,212064531.0626,37108711.375,0,777240.4371,1771989574,2287914168,-2298954,-0.08
31,138,285516078,0,123983983.75,0,377610051.5625,0,1717225817,2504336274,389936415.5,0,191751500.9374,47195176.625,0,802845.1879,1876616634,2506302792,-1966518,-0.01
30,139,356988178,0,124298784.25,0,201273596.4375,0,1645826983,2328387182,269435488.5,0,214488883.0626,37658407.375,0,778110.4371,1808343110,2330703544,-2316362,-0.08
31,140,291307886,0,127329503.75,0,378550467.5625,0,1749226585,2546414994,390973727.5,0,200730604.9374,47843544.625,0,832016.5629,1907998394,2548378952,-1963958,-0.01
30,141,365957394,0,124812384.25,0,202997756.4375,0,1670946727,2364713582,269591392.5,0,224854643.0626,38298223.375,0,827599.3121,1833523014,2367094456,-2380874,-0.08
31,142,301809774,0,127860223.75,0,380022595.5625,0,1760592473,2570285458,391184927.5,0,209161068.9374,48220808.625,0,872056.1879,1922826170,2572265800,-1980342,-0.01
31,143,375300882,0,124812384.25,0,203884604.4375,0,1679766951,2383764590,269641248.5,0,233880499.0626,38548583.375,0,886008.6871,1843269190,2386224824,-2460234,-0.08
30,144,306477806,0,127860223.75,0,380796355.5625,0,1768310105,2583444882,393204639.5,0,211601548.9374,48454840.625,0,904244.1879,1931252154,2585418056,-1973174,-0.01
31,145,378154514,0,127096464.25,0,204053244.4375,0,1688576167,2397879918,272982624.5,0,234314771.0626,38781823.375,0,900881.0621,1853364806,2400344248,-2464330,-0.08
30,146,307134254,0,130070623.75,0,387854275.5625,0,1784498521,2609557906,404010591.5,0,211601548.9374,49039496.625,0,906459.6879,1945975994,2611534664,-1976758,-0.01
31,147,379824402,0,129380544.25,0,255403132.4375,0,1722675367,2487283310,318495456.5,0,234314771.0626,42264375.375,0,900881.0621,1893782086,2489756856,-2473546,-0.08
31,148,313100206,0,132354703.75,0,403444547.5625,0,1826954073,2675853714,412548191.5,0,211601548.9374,51122104.625,0,906459.6879,2001657530,2677836616,-1982902,-0.01
28,149,383796498,0,131443584.25,0,276955516.4375,0,1751508647,2543704174,323709984.5,0,234314771.0626,44734679.375,0,900881.0621,1942646086,2546305720,-2601546,-0.08
31,150,318160558,0,134638783.75,0,412939971.5625,0,1863465817,2729205138,417774111.5,0,211601548.9374,52817240.625,0,906459.6879,2048138682,2731238728,-2033590,-0.01
30,151,388072210,0,134681312.25,0,282314236.4375,0,1787456935,2592524910,325230304.5,0,234314771.0626,45895839.375,0,900881.0621,1988800838,2595141816,-2616906,-0.08
31,152,325223342,0,137984799.75,0,412995523.5625,0,1904712025,2780915602,420248543.5,0,217649228.9374,53496256.625,0,907292.8129,2090658490,2782960456,-2044854,-0.01
30,153,400218002,0,135194912.25,0,283963516.4375,0,1823112103,2642488430,325565344.5,0,247538099.0626,46637287.375,0,978410.1871,2024456518,2645174968,-2686538,-0.08
31,154,334689710,0,138515519.75,0,416209603.5625,0,1925401945,2814817170,420746015.5,0,225800844.9374,54199560.625,0,963659.9379,2115182010,2816892744,-2075574,-0.01
31,155,404935634,0,135194912.25,0,290399612.4375,0,1839997863,2670527598,326704992.5,0,253235539.0626,47505087.375,0,1000945.4371,2044778566,2673224376,-2696778,-0.08
30,156,340453486,0,138515519.75,0,417428803.5625,0,1936145753,2832543634,421520927.5,0,227271244.9374,54628704.625,0,984944.4379,2130221754,2834628424,-2084790,-0.01
31,157,407491794,0,137479488.25,0,290732924.4375,0,1855630759,2691334766,330270304.5,0,253704531.0626,47862479.375,0,1011665.1871,2061187142,2694035128,-2700362,-0.08
30,158,341290606,0,140726399.75,0,420569923.5625,0,1956674393,2859261330,426993951.5,0,227271244.9374,55160024.625,0,985079.3129,2150947514,2861358920,-2097590,-0.01
31,159,409178706,0,139764064.25,0,300049788.4375,0,1885022119,2734014574,341623264.5,0,253704531.0626,48748455.375,0,1011665.1871,2091691078,2736777912,-2763338,-0.08
31,160,342080686,0,143010975.75,0,429448323.5625,0,1987617625,2902157714,432976607.5,0,227271244.9374,56103632.625,0,985079.3129,2186915514,2904253256,-2095542,-0.01
29,161,410855250,0,141901248.25,0,342882556.4375,0,1915549863,2811188846,365627936.5,0,253704531.0626,52417503.375,0,1011665.1871,2141231430,2813992120,-2803274,-0.08
31,162,351421870,0,145295551.75,0,432509635.5625,0,2023235161,2952462226,434183263.5,0,227271244.9374,57289632.625,0,985079.3129,2234806970,2954537288,-2075062,0
30,163,417219538,0,145139328.25,0,343032316.4375,0,1949697703,2855088750,366913248.5,0,255514739.0626,53117143.375,0,1012392.6871,2181378374,2857934520,-2845770,-0.08
31,164,358657134,0,148641567.75,0,433535363.5625,0,2057813081,2998647186,434751199.5,0,235920364.9374,58089040.625,0,1027059.6879,2270973626,3000762696,-2115510,0
30,165,428402706,0,145652928.25,0,344710396.4375,0,1974853543,2893619822,366962528.5,0,267076339.0626,53897839.375,0,1081685.5621,2207537990,2896554680,-2934858,-0.09
31,166,370132782,0,149172287.75,0,435287235.5625,0,2069392985,3023985042,434957087.5,0,245222284.9374,58576312.625,0,1077678.1879,2286274746,3026109768,-2124726,0
31,167,437690322,0,145652928.25,0,345662716.4375,0,1984173735,2913180270,367049248.5,0,275852755.0626,54242063.375,0,1110165.3121,2217917254,2916169912,-2989642,-0.09
30,168,375190638,0,149172287.75,0,435868995.5625,0,2077573977,3037804946,436959647.5,0,247421324.9374,58856248.625,0,1112648.4379,2295572666,3039924040,-2119094,0
31,169,439643858,0,147937504.25,0,350763580.4375,0,1996232615,2934578798,374543456.5,0,276213715.0626,54805807.375,0,1113746.5621,2230898502,2937573560,-2994762,-0.09
30,170,376641390,0,151383167.75,0,437602755.5625,0,2095123289,3060749202,443242399.5,0,247421324.9374,59278584.625,0,1112648.4379,2311817402,3062873928,-2124726,0
31,171,441114578,0,150222080.25,0,363217148.4375,0,2027724711,2982280302,391288352.5,0,276213715.0626,55831151.375,0,1113746.5621,2260847942,2985292984,-3012682,-0.08
31,172,378453678,0,153667743.75,0,443386115.5625,0,2125177433,3100683154,448994335.5,0,247421324.9374,59995592.625,0,1112648.4379,2345309370,3102835016,-2151862,0
28,173,441284690,0,152285568.25,0,425539324.4375,0,2051119015,3070230638,421596896.5,0,276213715.0626,61084671.375,0,1113746.5621,2313236806,3073243832,-3013194,-0.08
31,174,392435950,0,155952319.75,0,444846339.5625,0,2154077785,3147310482,450037663.5,0,247421324.9374,61203488.625,0,1112648.4379,2389709498,3149486408,-2175926,0
30,175,446504018,0,155523648.25,0,426336124.4375,0,2082352807,3110718574,423785248.5,0,277536339.0626,61863375.375,0,1114316.5621,2349442374,3113739960,-3021386,-0.08
31,176,397366062,0,159298335.75,0,447889795.5625,0,2195637337,3200189330,452720735.5,0,254305548.9374,62239680.625,0,1113206.4379,2431978682,3202359624,-2170294,0
30,177,455809554,0,156037248.25,0,428069884.4375,0,2114475943,3154394734,424005216.5,0,286316787.0626,62668583.375,0,1176799.5621,2383312710,3157478072,-3083338,-0.08
31,178,409017070,0,159829055.75,0,450175363.5625,0,2213522009,3232541586,452848415.5,0,261692876.9374,62816440.625,0,1172504.9379,2456255162,3234787656,-2246070,0
31,179,466626450,0,156037248.25,0,429317820.4375,0,2125093799,3177076846,424033568.5,0,295045875.0626,63022007.375,0,1214075.3121,2396913478,3180226744,-3149898,-0.08
30,180,414556846,0,159829055.75,0,450680323.5625,0,2221954649,3247019410,454267103.5,0,263546060.9374,63119024.625,0,1209245.4379,2467114170,3249257800,-2238390,0
31,181,469711954,0,158321824.25,0,429780092.4375,0,2136014247,3193829486,427406944.5,0,295436659.0626,63336775.375,0,1234260.5621,2409568070,3196980408,-3150922,-0.08
30,182,415296302,0,162039935.75,0,459950083.5625,0,2248214105,3285498770,470911263.5,0,263546060.9374,63970920.625,0,1209352.6879,2488096954,3287737160,-2238390,0
31,183,471573650,0,160606400.25,0,477927804.4375,0,2184445863,3294555246,469345824.5,0,295436659.0626,67921191.375,0,1234260.5621,2463770438,3297705656,-3150410,-0.08
31,184,424036654,0,164324511.75,0,490662403.5625,0,2294476889,3373498770,480756703.5,0,263546060.9374,68423320.625,0,1209352.6879,2561853626,3375791432,-2292662,0
28,185,480561682,0,162669888.25,0,486878844.4375,0,2222579111,3352691310,471473952.5,0,295436659.0626,69929607.375,0,1234260.5621,2517864262,3355936440,-3245130,-0.08
31,186,429886190,0,166609087.75,0,496610435.5625,0,2328375897,3421479826,481260127.5,0,263546060.9374,69761896.625,0,1209352.6879,2608133818,3423913800,-2433974,0
30,187,484427090,0,165907968.25,0,488165244.4375,0,2259414439,3397916782,474409696.5,0,295440499.0626,70800887.375,0,1234260.5621,2559233350,3401115832,-3199050,-0.08
31,188,436889134,0,169955103.75,0,496753283.5625,0,2374247513,3477842834,483509535.5,0,268612428.9374,70490088.625,0,1210495.9379,2656492730,3480318280,-2475446,0
30,189,496344402,0,166421568.25,0,488445564.4375,0,2293569959,3444783726,474562464.5,0,306464051.0626,71292791.375,0,1314159.8121,2594464582,3448094904,-3311178,-0.08
31,190,448625582,0,170485823.75,0,498280963.5625,0,2392986713,3510376850,483642079.5,0,277356172.9374,70899192.625,0,1270637.9379,2679734458,3512905544,-2528694,0
31,191,505175314,0,166421568.25,0,489939516.4375,0,2304197543,3465735790,474673312.5,0,312792115.0626,71654023.375,0,1371479.0621,2608565062,3469053112,-3317322,-0.08
30,192,453834798,0,170485823.75,0,499012483.5625,0,2402154585,3525485970,485115295.5,0,278779404.9374,71200376.625,0,1308765.4379,2691609274,3528015688,-2529718,0
31,193,507881682,0,168706144.25,0,490215292.4375,0,2318085543,3484890222,478468000.5,0,313149171.0626,71956247.375,0,1382984.0621,2623255878,3488209592,-3319370,-0.08
30,194,455042350,0,172696703.75,0,503372803.5625,0,2426479705,3557589906,496711647.5,0,278779404.9374,71845880.625,0,1309107.1879,2711482042,3560130888,-2540982,0
31,195,511840146,0,170990720.25,0,504021948.4375,0,2354939815,3541794414,496130656.5,0,313149171.0626,74133271.375,0,1382984.0621,2660355910,3545149112,-3354698,-0.08
31,196,460307758,0,174981279.75,0,508920067.5625,0,2456404057,3600611730,500224543.5,0,278779404.9374,72701880.625,0,1309107.1879,2750223546,3603241288,-2629558,0
28,197,512349586,0,173054208.25,0,518967228.4375,0,2381036967,3585409646,504050016.5,0,313149171.0626,75423831.375,0,1382984.0621,2694789446,3588792504,-3382858,-0.08
31,198,464858798,0,177265855.75,0,509219651.5625,0,2492846681,3644189074,502608863.5,0,278779404.9374,73402216.625,0,1309114.9379,2790751418,3646853960,-2664886,0
30,199,518029650,0,176292288.25,0,518997948.4375,0,2411140007,3624461934,505496800.5,0,315924979.0626,75937735.375,0,1383959.0621,2729120582,3627861176,-3399242,-0.08
31,200,472874926,0,180611871.75,0,510318787.5625,0,2522944089,3686747538,503529567.5,0,288780108.9374,74120216.625,0,1357522.9379,2821700282,3689490760,-2743222,0
30,201,530472402,0,176805888.25,0,520220988.4375,0,2427299751,3654801006,505521376.5,0,327033203.0626,76441495.375,0,1431707.3121,2747803974,3658228408,-3427402,-0.08
31,202,482364526,0,181142591.75,0,511356419.5625,0,2533268569,3708130194,503765215.5,0,297983244.9374,74424376.625,0,1411264.1879,2833297594,3710885192,-2754998,0
31,203,539135186,0,176805888.25,0,520869756.4375,0,2435031975,3671844974,505601120.5,0,335343411.0626,76679735.375,0,1473099.3121,2756197702,3675291320,-3446346,-0.08
30,204,486907374,0,181142591.75,0,511853699.5625,0,2540364889,3720266642,506029919.5,0,299872140.9374,74648136.625,0,1430822.6879,2841031866,3723016520,-2749878,0
31,205,541208082,0,179090464.25,0,525502396.4375,0,2453162919,3698965614,518648992.5,0,335571507.0626,76952103.375,0,1473566.5621,2769777990,3702420664,-3455050,-0.08
30,206,488019630,0,183353471.75,0,513078659.5625,0,2561001049,3745450898,512194399.5,0,299872140.9374,74941992.625,0,1430822.6879,2859759802,3748202824,-2751926,0
31,207,542140946,0,181375040.25,0,531599228.4375,0,2478919591,3734036590,526824544.5,0,335571507.0626,77460839.375,0,1473566.5621,2796186438,3737513144,-3476554,-0.08
31,208,488687214,0,185638047.75,0,529107395.5625,0,2587767897,3791199122,523332895.5,0,299872140.9374,76024872.625,0,1430822.6879,2893299898,3793964360,-2765238,0
29,209,542217170,0,183512224.25,0,558035132.4375,0,2504162727,3787928686,540289952.5,0,335571507.0626,79353687.375,0,1473566.5621,2834718534,3791403704,-3475018,-0.08
31,210,495231598,0,187922623.75,0,529801795.5625,0,2618810969,3831765394,524515167.5,0,299872140.9374,76805064.625,0,1430822.6879,2931975866,3834602824,-2837430,0
30,211,546974738,0,186750304.25,0,558142652.4375,0,2536208295,3828077678,543753952.5,0,337295859.0626,79902183.375,0,1474204.0621,2869154630,3831577272,-3499594,-0.08
31,212,501093742,0,191268639.75,0,530900931.5625,0,2663548505,3886810002,528692191.5,0,308496268.9374,77728808.625,0,1457505.6879,2973266106,3889644360,-2834358,0
30,213,557999378,0,187263904.25,0,559763132.4375,0,2565979559,3871007854,543856544.5,0,347498227.0626,80593319.375,0,1532985.5621,2901155142,3874632888,-3625034,-0.08
31,214,512421486,0,191799359.75,0,532408771.5625,0,2675529305,3912157074,528898783.5,0,315792460.9374,78153288.625,0,1502354.1879,2990660794,3915010888,-2853814,0
31,215,567262354,0,187263904.25,0,560608316.4375,0,2575307175,3890443374,543906592.5,0,355174771.0626,80896775.375,0,1562144.8121,2912537926,3894075064,-3631690,-0.08
30,216,517440110,0,191799359.75,0,532919491.5625,0,2683673177,3925830546,530207583.5,0,317861324.9374,78414936.625,0,1539425.1879,3000658618,3928684872,-2854326,0
31,217,569865874,0,189548480.25,0,561143996.4375,0,2586519975,3907079790,548088480.5,0,355511987.0626,81195495.375,0,1573504.8121,2924348230,3910714552,-3634762,-0.08
30,218,518403822,0,194010239.75,0,535530691.5625,0,2708646489,3956589970,541731935.5,0,317861324.9374,78842184.625,0,1539425.1879,3019484346,3959462216,-2872246,0
31,219,570660370,0,191833056.25,0,563941436.4375,0,2608586151,3935022190,552183200.5,0,355511987.0626,81614247.375,0,1573504.8121,2947784006,3938664120,-3641930,-0.08
31,220,519229678,0,196294815.75,0,537903555.5625,0,2733426777,3986853778,545158623.5,0,317861324.9374,79238728.625,0,1539425.1879,3045961914,3989762888,-2909110,0
28,221,571088018,0,193896544.25,0,574496316.4375,0,2631681447,3971163246,560594464.5,0,355511987.0626,82411447.375,0,1573504.8121,2974730054,3974818488,-3655242,-0.08
31,222,522030574,0,198579391.75,0,541284291.5625,0,2766298713,4028192146,550135519.5,0,317879180.9374,79869032.625,0,1539425.1879,3081746618,4031172936,-2980790,0
30,223,575909266,0,197134624.25,0,574557756.4375,0,2662970279,4010572910,563864096.5,0,358124979.0626,82816215.375,0,1574149.8121,3007908678,4014284984,-3712074,-0.08
31,224,526246510,0,201925407.75,0,545149123.5625,0,2805287513,4078607250,553784287.5,0,326697932.9374,80706088.625,0,1545076.9379,3118891706,4081627976,-3020726,0
30,225,585312658,0,197648224.25,0,577940796.4375,0,2686896551,4047799406,564199072.5,0,366212275.0626,83526439.375,0,1606138.5621,3036060486,4051601592,-3802186,-0.08
31,226,538455406,0,202456127.75,0,546581571.5625,0,2815983193,4103475090,553853279.5,0,336072332.9374,81089688.625,0,1584610.9379,3133951674,4106554184,-3079094,0
31,227,593677842,0,197648224.25,0,578801852.4375,0,2695908775,4066037870,564259616.5,0,374007219.0626,83806535.375,0,1654577.8121,3046126406,4069851832,-3813962,-0.08
30,228,543169134,0,202456127.75,0,547157571.5625,0,2823955033,4116736914,555468895.5,0,338388940.9374,81329592.625,0,1614314.1879,3143007418,4119811400,-3074486,0
31,229,595657362,0,199932800.25,0,581722300.4375,0,2708380583,4085694062,570765984.5,0,374312627.0626,84180599.375,0,1657308.0621,3058599750,4089514168,-3820106,-0.08
30,230,544081390,0,204667007.75,0,549580611.5625,0,2839678041,4138005906,561131487.5,0,338388940.9374,81730744.625,0,1614591.9379,3158215354,4141083464,-3077558,0
31,231,596366226,0,202217376.25,0,584265788.4375,0,2728649639,4111499886,576660896.5,0,374312627.0626,84573735.375,0,1657308.0621,3078120774,4115323064,-3823178,-0.08
31,232,545326958,0,206951583.75,0,561587779.5625,0,2871299161,4185164690,576057311.5,0,338388940.9374,82608808.625,0,1614591.9379,3189634746,4188306760,-3142070,0
28,233,597138322,0,204280864.25,0,595813436.4375,0,2754233255,4151466606,583552800.5,0,374312627.0626,85498103.375,0,1657308.0621,3110298438,4155316920,-3850314,-0.08
31,234,547597422,0,209236159.75,0,564956611.5625,0,2902767705,4224557458,579564767.5,0,338388940.9374,83302264.625,0,1614591.9379,3224827066,4227700040,-3142582,0
30,235,598785298,0,207518944.25,0,599830076.4375,0,2788858279,4194992750,588536864.5,0,374320307.0626,86171975.375,0,1657308.0621,3148184390,4198868664,-3875914,-0.08
31,236,552132846,0,212582175.75,0,565127235.5625,0,2943915097,4273757074,581553759.5,0,342330508.9374,83761752.625,0,1615273.9379,3267635898,4276899144,-3142070,0
30,237,606606354,0,208032544.25,0,600398396.4375,0,2831524263,4246561902,590559520.5,0,383607411.0626,86656839.375,0,1690282.3121,3187977030,4250489016,-3927114,-0.08
31,238,562529390,0,213112895.75,0,566877123.5625,0,2967921753,4310440850,581906527.5,0,350021260.9374,84194952.625,0,1664458.1879,3295909562,4313699144,-3258294,0
31,239,617231250,0,208032544.25,0,601525308.4375,0,2842150823,4268940398,590602656.5,0,390655155.0626,86968791.375,0,1720702.0621,3202933062,4272877752,-3937354,-0.08
30,240,567475054,0,213112895.75,0,568178883.5625,0,2976334937,4325101458,583221087.5,0,351382348.9374,84540456.625,0,1678592.9379,3307534010,4328358728,-3257270,0
31,241,618364946,0,210317120.25,0,612802364.4375,0,2859192231,4300677230,604171680.5,0,391028083.0626,87956519.375,0,1726908.8121,3219742534,4304623800,-3946570,-0.08
30,242,568882542,0,215323775.75,0,571742403.5625,0,3004162137,4360109970,590781919.5,0,351382348.9374,85139304.625,0,1678592.9379,3334463162,4363447112,-3337142,0
31,243,619801746,0,212601696.25,0,633320892.4375,0,2895259559,4360984686,621836576.5,0,391028083.0626,89454263.375,0,1726908.8121,3260905798,4364949688,-3965002,-0.08
31,244,574533998,0,217608351.75,0,576162755.5625,0,3038273113,4406577042,594927967.5,0,351382348.9374,85983512.625,0,1678592.9379,3376033466,4410007368,-3430326,0
28,245,621456146,0,214665184.25,0,642431420.4375,0,2920797095,4399350894,624523808.5,0,391028083.0626,90448007.375,0,1726908.8121,3295673158,4403398840,-4047946,-0.08
31,246,575410158,0,219892927.75,0,595193283.5625,0,3074089561,4464584594,606250719.5,0,351382348.9374,87823480.625,0,1678592.9379,3420871866,4468008776,-3424182,0
30,247,627943058,0,217903264.25,0,642565820.4375,0,2959548839,4447962222,626961312.5,0,391045363.0626,91207655.375,0,1726923.8121,3341147462,4452086968,-4124746,-0.08
31,248,580661358,0,223238943.75,0,595756739.5625,0,3114457689,4514113426,608177631.5,0,354824844.9374,88421560.625,0,1679398.9379,3464448186,4517552968,-3439542,0
30,249,634124306,0,218416864.25,0,643706300.4375,0,3003863463,4500112494,629187744.5,0,399110451.0626,91850007.375,0,1758296.5621,3382342982,4504247480,-4134986,-0.08
31,250,589378926,0,223769663.75,0,597141571.5625,0,3145780825,4556069778,608475103.5,0,360270604.9374,88958168.625,0,1729715.9379,3500197562,4559633224,-3563446,0
31,251,644160018,0,218416864.25,0,645035580.4375,0,3020325287,4527938670,629236256.5,0,404229427.0626,92296231.375,0,1793238.0621,3404545350,4532098232,-4159562,-0.08
30,252,595402606,0,223769663.75,0,598343491.5625,0,3155346521,4572861330,608981855.5,0,361922380.9374,89327784.625,0,1753887.4379,3514440378,4576428872,-3567542,0
31,253,645925138,0,220701440.25,0,646825148.4375,0,3037369255,4550821998,634689440.5,0,404431731.0626,92752279.375,0,1796978.5621,3421320006,4554987704,-4165706,-0.08
30,254,596149102,0,225980543.75,0,599756611.5625,0,3175267417,4597152658,612547807.5,0,361922380.9374,89752328.625,0,1755489.4379,3534729914,4600710984,-3558326,0
31,255,646690450,0,222986016.25,0,648083004.4375,0,3059268519,4577029230,637366176.5,0,404431731.0626,93159655.375,0,1797048.3121,3444437318,4581188792,-4159562,-0.08
31,256,597691630,0,228265119.75,0,610339267.5625,0,3203066969,4639361938,623762911.5,0,361922380.9374,90668856.625,0,1755489.4379,3564859066,4642971464,-3609526,0
29,257,649187602,0,225123200.25,0,652088252.4375,0,3082795431,4609195118,638793376.5,0,404431731.0626,93821863.375,0,1797048.3121,3474581318,4613422264,-4227146,-0.08
31,258,598211950,0,230549695.75,0,623445571.5625,0,3235711065,4687917970,635430239.5,0,361922380.9374,92048904.625,0,1755489.4379,3600384698,4691544904,-3626934,0
30,259,653467666,0,228361280.25,0,655632572.4375,0,3122501031,4659962990,644196000.5,0,404435571.0626,94710199.375,0,1797048.3121,3519063366,4664199352,-4236362,-0.08
31,260,606140398,0,233895711.75,0,623509059.5625,0,3275182169,4738726802,636478687.5,0,367745292.9374,92592936.625,0,1756795.6879,3643755706,4742332232,-3605430,0
30,261,664598162,0,228874880.25,0,656239292.4375,0,3150072743,4699785326,644423328.5,0,413516339.0626,95214135.375,0,1847069.0621,3549112646,4704110776,-4325450,-0.08
31,262,616516974,0,234426431.75,0,624576451.5625,0,3289141337,4764661650,636606303.5,0,374565068.9374,92996904.625,0,1798926.4379,3662323386,4768293704,-3632054,0
31,263,673575314,0,228874880.25,0,656858300.4375,0,3159743399,4719050862,644464288.5,0,420756723.0626,95515335.375,0,1878135.5621,3560800582,4723412152,-4361290,-0.08
30,264,621486830,0,234426431.75,0,624945091.5625,0,3297321049,4778180498,637829343.5,0,376607692.9374,93254440.625,0,1834397.9379,3672285370,4781814600,-3634102,0
31,265,676226194,0,231159456.25,0,657393980.4375,0,3169391527,4734170222,647799840.5,0,421189043.0626,95805543.375,0,1884273.3121,3571859270,4738534584,-4364362,-0.08
30,266,622175470,0,236637311.75,0,630555331.5625,0,3317129817,4806499218,650001247.5,0,376607692.9374,93901272.625,0,1834945.4379,3687789754,4810138440,-3639222,0
31,267,679068690,0,233444032.25,0,682130492.4375,0,3205509543,4800151662,671725600.5,0,421189043.0626,97567655.375,0,1884273.3121,3612196678,4804560056,-4408394,-0.08
31,268,625634798,0,238921887.75,0,638860355.5625,0,3343073881,4846491538,654046047.5,0,376607692.9374,94838728.625,0,1834945.4379,3722812090,4850143048,-3651510,0
28,269,682080018,0,235507520.25,0,683904572.4375,0,3229237159,4830728302,672215840.5,0,421189043.0626,98153831.375,0,1884273.3121,3641783622,4835222712,-4494410,-0.08
31,270,626802670,0,241206463.75,0,641514947.5625,0,3374110297,4883635090,657707359.5,0,376607692.9374,95525928.625,0,1834945.4379,3755583674,4887264072,-3628982,0
30,271,685317394,0,238745600.25,0,685310012.4375,0,3262047655,4871420014,674893472.5,0,421666419.0626,98732935.375,0,1884760.8121,3678773574,4875947192,-4527178,-0.08
31,272,634760430,0,244552479.75,0,643229123.5625,0,3403733593,4926276498,658989791.5,0,384998732.9374,96244296.625,0,1840199.9379,3787932346,4930008904,-3732406,0
30,273,698386962,0,239259200.25,0,686907452.4375,0,3277948839,4902501486,674997536.5,0,432882419.0626,99207319.375,0,1936545.0621,3698045254,4907065528,-4564042,-0.08
31,274,642380654,0,245083199.75,0,646090051.5625,0,3414224985,4947780498,659443935.5,0,393202828.9374,96550888.625,0,1882517.4379,3800433850,4951518024,-3737526,0
31,275,705130130,0,239259200.25,0,687978812.4375,0,3286976935,4919343214,675191456.5,0,439015155.0626,99459223.375,0,1977225.8121,3708277574,4923916472,-4573258,-0.08
30,276,645982574,0,245083199.75,0,649446211.5625,0,3422369369,4962883474,662405855.5,0,394536780.9374,96787032.625,0,1900348.4379,3810942138,4966575944,-3692470,0
31,277,707738258,0,241543776.25,0,688316092.4375,0,3298959271,4936554606,679365536.5,0,439415795.0626,99698183.375,0,1981684.5621,3720673094,4941130936,-4576330,-0.08
30,278,647301358,0,247294079.75,0,650106691.5625,0,3437032025,4981737362,666657887.5,0,394536780.9374,97016840.625,0,1906420.4379,3825309882,4985430856,-3693494,0
31,279,708401298,0,243828352.25,0,689272380.4375,0,3314535335,4956034158,682558624.5,0,439415795.0626,99966727.375,0,1981692.3121,3736688966,4960608440,-4574282,-0.08
31,280,647593582,0,249578655.75,0,653173955.5625,0,3453811289,5004160914,670798815.5,0,394536780.9374,97383272.625,0,1906439.4379,3843226810,5007855432,-3694518,0
28,281,709811474,0,245891840.25,0,698723388.4375,0,3340201383,4994624622,695607072.5,0,439415795.0626,100592631.375,0,1981692.3121,3761631046,4999224504,-4599882,-0.08
31,282,651204462,0,251863231.75,0,662328131.5625,0,3487513689,5052912530,681049183.5,0,394536780.9374,98225032.625,0,1906439.4379,3880966842,5056687944,-3775414,0
30,283,714806546,0,249129920.25,0,698915388.4375,0,3365238183,5028086894,696695840.5,0,439836275.0626,100999367.375,0,1982129.0621,3793243462,5032753336,-4666442,-0.08
31,284,661686510,0,255209247.75,0,662879683.5625,0,3505777241,5085555602,681420511.5,0,403742028.9374,98594552.625,0,1915808.9379,3903679674,5089356616,-3801014,0
30,285,728803474,0,249643520.25,0,699560508.4375,0,3375374247,5053378670,696726944.5,0,453643507.0626,101233719.375,0,2028377.0621,3804484934,5058113720,-4735050,-0.08
31,286,671265262,0,255739967.75,0,663431235.5625,0,3512208985,5102649234,681629535.5,0,413420812.9374,98789784.625,0,1960201.4379,3910658234,5106462536,-3813302,0
31,287,736431506,0,249643520.25,0,700147772.4375,0,3380140455,5066358894,696837408.5,0,461119411.0626,101404663.375,0,2053069.0621,3809692486,5071103160,-4744266,-0.08
30,288,674675310,0,255739967.75,0,666399555.5625,0,3517145177,5113964434,685387487.5,0,415430796.9374,98953448.625,0,1973806.4379,3916025530,5117774664,-3810230,0
31,289,738097298,0,251928096.25,0,705016508.4375,0,3393144743,5088182382,708750752.5,0,461587379.0626,101581511.375,0,2053455.8121,3818956102,5092925624,-4743242,-0.08
30,290,675318510,0,257950847.75,0,670573635.5625,0,3540793433,5144640402,698533215.5,0,415430796.9374,99128376.625,0,1973806.4379,3933383354,5148452680,-3812278,0
31,291,740643218,0,254212672.25,0,719460028.4375,0,3432281511,5146593390,729110176.5,0,461587379.0626,102161671.375,0,2053455.8121,3856508230,5151417528,-4824138,-0.08
31,292,679631470,0,260235423.75,0,675283651.5625,0,3569905753,5185060754,702618719.5,0,415430796.9374,99595160.625,0,1973806.4379,3969373370,5188994888,-3934134,0
28,293,745181970,0,256276160.25,0,757948604.4375,0,3469645735,5229047918,757446688.5,0,461587379.0626,104859095.375,0,2053455.8121,3907947846,5233891512,-4843594,-0.08
31,294,690188526,0,262519999.75,0,676854979.5625,0,3598003801,5227572114,703427167.5,0,415430796.9374,100491240.625,0,1973806.4379,4010231482,5231557448,-3985334,0
30,295,752095634,0,259514240.25,0,758451644.4375,0,3492889511,5262946414,757939360.5,0,463443955.0626,105455735.375,0,2054213.3121,3938941766,5267831992,-4885578,-0.08
31,296,699111022,0,265866015.75,0,678342979.5625,0,3618061913,5261386642,704294367.5,0,423282188.9374,101186168.625,0,1996468.9379,4034600634,5265362760,-3976118,0
30,297,765322002,0,260027840.25,0,759734204.4375,0,3504334247,5289413742,758001184.5,0,475561395.0626,105820247.375,0,2106227.8121,3952885574,5294372024,-4958282,-0.08
31,298,707189358,0,266396735.75,0,679219907.5625,0,3627146329,5279956882,704699999.5,0,431409740.9374,101465592.625,0,2054795.4379,4044332218,5283964744,-4007862,0
31,299,772222098,0,260027840.25,0,760539708.4375,0,3511810983,5304596590,758122144.5,0,482397875.0626,106054103.375,0,2140506.5621,3960858438,5309571256,-4974666,-0.08
30,300,711458542,0,266396735.75,0,679692227.5625,0,3634352217,5291903890,706759775.5,0,433267212.9374,101681464.625,0,2074478.4379,4052120250,5295904584,-4000694,0
31,301,774888210,0,262312416.25,0,761134908.4375,0,3519921575,5318252654,761407648.5,0,482947123.0626,106270183.375,0,2150679.5621,3970449734,5323224248,-4971594,-0.08
30,302,713017838,0,268607615.75,0,680636867.5625,0,3645231193,5307498386,710831583.5,0,433267212.9374,101885128.625,0,2075877.9379,4063442106,5311503176,-4004790,0
31,303,775395346,0,264596992.25,0,779066300.4375,0,3546767783,5365821550,785698208.5,0,482947123.0626,106923639.375,0,2150679.5621,3993079622,5370798264,-4976714,-0.08
31,304,714625774,0,270892191.75,0,715852867.5625,0,3680314969,5381691282,739051743.5,0,433267212.9374,103991592.625,0,2075877.9379,4107343546,5385730888,-4039606,0
29,305,782337810,0,266733856.25,0,786609084.4375,0,3579792807,5415468142,788957984.5,0,482947123.0626,107957783.375,0,2150679.5621,4038438214,5420451000,-4982858,-0.08
31,306,717711214,0,273175775.75,0,739454531.5625,0,3724484697,5454831506,752402271.5,0,433267212.9374,106484968.625,0,2075877.9379,4164699322,5458930504,-4098998,0
30,307,791165714,0,269970976.25,0,787672764.4375,0,3618184103,5466988654,790969248.5,0,483114163.0626,108845751.375,0,2151100.0621,4086905670,5471984824,-4996170,-0.08
31,308,727015406,0,276520799.75,0,740474307.5625,0,3760504921,5504520082,753349983.5,0,441792652.9374,107334488.625,0,2100513.4379,4204069562,5508647752,-4127670,0
30,309,802999954,0,270485536.25,0,789320124.4375,0,3643161511,5505962094,791081120.5,0,493953075.0626,109670391.375,0,2223965.5621,4114089286,5511017656,-5055562,-0.08
31,310,737987054,0,277052511.75,0,741803587.5625,0,3772000857,5528849298,753548767.5,0,449470540.9374,107798808.625,0,2150898.4379,4220025530,5532994376,-4145078,0
31,311,811939986,0,270485536.25,0,789978812.4375,0,3652545447,5524943982,791160992.5,0,501378419.0626,109980727.375,0,2279127.0621,4125210438,5530009784,-5065802,-0.08
30,312,742994414,0,277052511.75,0,742245187.5625,0,3780148825,5542446994,755030367.5,0,451225100.9374,108070024.625,0,2183919.9379,4230083258,5546592072,-4145078,0
31,313,812762898,0,272769120.25,0,805834940.4375,0,3677418407,5568779374,814745504.5,0,501672051.0626,111172375.375,0,2281622.0621,4143991622,5573863608,-5084234,-0.08
30,314,745567854,0,279262431.75,0,747828547.5625,0,3809999961,5582664594,761431903.5,0,451225100.9374,108794568.625,0,2183919.9379,4263217850,5586852680,-4188086,0
31,315,816097682,0,275052704.25,0,821282364.4375,0,3712543143,5624970350,827810592.5,0,501672051.0626,112403143.375,0,2281622.0621,4185904966,5630073016,-5102666,-0.08
31,316,748054126,0,281546015.75,0,781949379.5625,0,3845169753,5656724370,779093087.5,0,451225100.9374,111741432.625,0,2183919.9379,4316754106,5660997448,-4273078,0
28,317,821221522,0,277115296.25,0,855828540.4375,0,3759091111,5713251438,846455712.5,0,501672051.0626,117574455.375,0,2281622.0621,4250399558,5718383800,-5132362,-0.08
31,318,760379118,0,283829599.75,0,786786371.5625,0,3888936537,5719936914,783015391.5,0,451225100.9374,113547784.625,0,2183919.9379,4374271162,5724242760,-4305846,0
30,319,827067666,0,280352416.25,0,859330620.4375,0,3798238119,5764982894,847553696.5,0,501675891.0626,118685063.375,0,2281622.0621,4299937606,5770134712,-5151818,-0.08
31,320,768450158,0,287174623.75,0,786956995.5625,0,3938000473,5780588434,786720095.5,0,457864844.9374,114270552.625,0,2185575.4379,4423846074,5784886088,-4297654,0
30,321,839918098,0,280866976.25,0,860436540.4375,0,3834334631,5815550062,847916576.5,0,512354163.0626,119430807.375,0,2363967.5621,4338709318,5820775608,-5225546,-0.08
31,322,780127598,0,287706335.75,0,788595779.5625,0,3957228121,5813663634,786911455.5,0,465698828.9374,114829048.625,0,2246456.9379,4448339130,5818023752,-4360118,0
31,323,848586514,0,280866976.25,0,861968188.4375,0,3844698535,5836114030,848076448.5,0,517475571.0626,119880087.375,0,2393193.5621,4353518406,5841344696,-5230666,-0.08
30,324,785326702,0,287706335.75,0,789310019.5625,0,3966447705,5828796306,788111711.5,0,466704140.9374,115199336.625,0,2261962.9379,4460885178,5833161544,-4365238,0
31,325,851372562,0,283150560.25,0,862523708.4375,0,3857846183,5854888046,851785760.5,0,517917939.0626,120242839.375,0,2400911.5621,4367773510,5860121784,-5233738,-0.08
30,326,786511854,0,289916255.75,0,792620099.5625,0,3992405593,5861458834,800350047.5,0,466704140.9374,115780776.625,0,2262382.9379,4480758970,5865855816,-4396982,0
31,327,854031890,0,285434144.25,0,864063292.4375,0,3880930215,5884453998,853722016.5,0,517917939.0626,120677591.375,0,2400911.5621,4395027270,5889746104,-5292106,-0.08
31,328,787148270,0,292199839.75,0,797480899.5625,0,4018374745,5895209874,805142623.5,0,466704140.9374,116370456.625,0,2262382.9379,4509166778,5899645768,-4435894,0
28,329,855937810,0,287496736.25,0,865346364.4375,0,3903829927,5912604782,854737824.5,0,517917939.0626,121102439.375,0,2400911.5621,4421814086,5917973688,-5368906,-0.08
31,330,788293614,0,294483423.75,0,801369539.5625,0,4045879385,5930032018,809041503.5,0,466874764.9374,117024456.625,0,2262382.9379,4539306170,5934508872,-4476854,0
30,331,858739730,0,290733856.25,0,867823164.4375,0,3937904551,5955194990,859901600.5,0,518551539.0626,121694839.375,0,2400911.5621,4458069830,5960619192,-5424202,-0.08
31,332,794580974,0,297828447.75,0,803373379.5625,0,4075195993,5970984850,809979871.5,0,473927884.9374,117708088.625,0,2263142.4379,4571630778,5975509832,-4524982,0
30,333,874364690,0,291248416.25,0,869608764.4375,0,3949833639,5985048686,859972640.5,0,530702835.0626,122120759.375,0,2447821.0621,4475257670,5990501560,-5452874,-0.08
31,334,804209390,0,298360159.75,0,804412995.5625,0,4084754521,5991743378,810211039.5,0,483458700.9374,117980648.625,0,2330012.9379,4582298810,5996279624,-4536246,0
31,335,882176658,0,291248416.25,0,870263484.4375,0,3957205927,6000887918,860082336.5,0,538195699.0626,122343591.375,0,2489830.0621,4483246918,6006358200,-5470282,-0.08
30,336,808631278,0,298360159.75,0,804862275.5625,0,4091703897,6003564434,812331103.5,0,485371532.9374,118189512.625,0,2352647.9379,4589848762,6008093512,-4529078,0
31,337,884719890,0,293532000.25,0,870842812.4375,0,3967156135,6016243822,865003168.5,0,538449587.0626,122560567.375,0,2496076.0621,4493204294,6021713080,-5469258,-0.08
30,338,809652462,0,300570079.75,0,809239875.5625,0,4106694233,6026164114,820865887.5,0,485371532.9374,118395464.625,0,2357593.9379,4603708602,6030699336,-4535222,0
31,339,885333010,0,295815584.25,0,877977276.4375,0,3991303079,6050420846,877776416.5,0,538449587.0626,122881415.375,0,2496076.0621,4514303814,6055906488,-5485642,-0.08
31,340,812484206,0,302853663.75,0,815541059.5625,0,4140082777,6070970258,832993887.5,0,485371532.9374,118873752.625,0,2357593.9379,4635964602,6075562824,-4592566,0
28,341,886526482,0,297878176.25,0,901312700.4375,0,4021017511,6106726510,894864032.5,0,538449587.0626,124221975.375,0,2496076.0621,4552234822,6112265400,-5538890,-0.08
31,342,818954350,0,305137247.75,0,817548867.5625,0,4173244505,6114893714,834526303.5,0,485371532.9374,119600040.625,0,2357593.9379,4677700794,6119556936,-4663222,0
30,343,889500946,0,301115296.25,0,903182780.4375,0,4067999655,6161790062,902529824.5,0,538545587.0626,124913975.375,0,2496421.0621,4598874950,6167359672,-5569610,-0.08
31,344,826429550,0,308482271.75,0,818370243.5625,0,4217217113,6170508178,835950559.5,0,492668236.9374,120191832.625,0,2362871.4379,4723953850,6175128392,-4620214,0
30,345,901378066,0,301629856.25,0,904830140.4375,0,4100445607,6208274542,902874656.5,0,550492595.0626,125645975.375,0,2558474.5621,4632363846,6213934264,-5659722,-0.08
31,346,836831214,0,309013983.75,0,819798723.5625,0,4233954905,6199608210,836239583.5,0,500096332.9374,120621912.625,0,2405034.4379,4744888506,6204253000,-4644790,0
31,347,908629266,0,301629856.25,0,907147452.4375,0,4110732711,6228129902,903150496.5,0,556353267.0626,126050599.375,0,2578742.5621,4645668678,6233799864,-5669962,-0.08
30,348,840949870,0,309013983.75,0,821883843.5625,0,4242611801,6214469522,837857247.5,0,501139020.9374,121029608.625,0,2415502.4379,4756668602,6219112264,-4642742,0
31,349,911056274,0,303913440.25,0,908147388.4375,0,4123269543,6246376558,907016096.5,0,556775795.0626,126401287.375,0,2583829.5621,4659269446,6252044472,-5667914,-0.08
30,350,842151918,0,311223903.75,0,822728643.5625,0,4257209945,6233324434,841245023.5,0,501139020.9374,121348056.625,0,2420320.9379,4771815610,6237970248,-4645814,0
31,351,911661202,0,306197024.25,0,914016060.4375,0,4146203047,6278067310,916358304.5,0,556775795.0626,126951863.375,0,2583829.5621,4681085766,6283753656,-5686346,-0.08
31,352,842570478,0,313507487.75,0,830716227.5625,0,4282618969,6269422482,849380703.5,0,501139020.9374,122029256.625,0,2420320.9379,4799103162,6274074440,-4651958,0
29,353,915026962,0,308333280.25,0,914153404.4375,0,4169630119,6307134574,917775136.5,0,556775795.0626,127308663.375,0,2583829.5621,4708463430,6312904888,-5770314,-0.08
31,354,844102254,0,315791071.75,0,831275715.5625,0,4306329177,6297506706,849944799.5,0,501317580.9374,122399496.625,0,2420320.9379,4826077370,6302161736,-4655030,0
30,355,917906962,0,311570400.25,0,914253244.4375,0,4196291495,6340013166,921428768.5,0,560641203.0626,127639767.375,0,2586152.5621,4733441862,6345735352,-5722186,-0.08
31,356,847934446,0,319136095.75,0,832894659.5625,0,4336424025,6336398226,851990495.5,0,508976524.9374,122958584.625,0,2437904.4379,4854722746,6341088072,-4689846,0
30,357,928457874,0,312084960.25,0,916399804.4375,0,4215017895,6371951726,921616544.5,0,571213811.0626,128156871.375,0,2609835.0621,4754139974,6377735352,-5783626,-0.08
31,358,857553134,0,319667807.75,0,833910467.5625,0,4347204697,6358344594,852166239.5,0,518491660.9374,123236712.625,0,2475635.4379,4866712762,6363084616,-4740022,0
31,359,936050578,0,312084960.25,0,917153724.4375,0,4223149991,6388430958,921766048.5,0,578588019.0626,128379671.375,0,2649216.5621,4762856262,6394237112,-5806154,-0.08
30,360,861958510,0,319667807.75,0,834348227.5625,0,4354617433,6370600850,854129375.5,0,520487308.9374,123440872.625,0,2497167.9379,4874778810,6375335752,-4734902,0
31,361,938873618,0,314368544.25,0,917312444.4375,0,4231237031,6401782894,924721440.5,0,579099635.0626,128584663.375,0,2664013.5621,4772519750,6407588024,-5805130,-0.08
30,362,863423726,0,321877727.75,0,836825027.5625,0,4366428761,6388563858,860069599.5,0,520487308.9374,123635496.625,0,2500658.4379,4886607034,6393301832,-4737974,0
31,363,939310994,0,316652128.25,0,923677116.4375,0,4247467431,6427099246,932916256.5,0,579099635.0626,128997479.375,0,2664013.5621,4789232454,6432908472,-5809226,-0.08
31,364,864180078,0,324161311.75,0,842173891.5625,0,4392288857,6422812562,871311839.5,0,520487308.9374,124086936.625,0,2500658.4379,4909146298,6427534152,-4721590,0
28,365,939764114,0,318714720.25,0,933031356.4375,0,4270685607,6462187630,940954400.5,0,579099635.0626,129624087.375,0,2664013.5621,4815749958,6468091064,-5903434,-0.08
31,366,865737838,0,326444895.75,0,846526787.5625,0,4416181849,6454899602,873325407.5,0,520574604.9374,124669736.625,0,2500658.4379,4938563770,6459635528,-4735926,0
30,367,942388498,0,321951840.25,0,933092796.4375,0,4298514855,6495939694,943176992.5,0,582332275.0626,129978583.375,0,2664860.5621,4843670342,6501821624,-5881930,-0.08
31,368,873134830,0,329789919.75,0,847431491.5625,0,4442731097,6493095826,874067807.5,0,530918924.9374,125212904.625,0,2527532.9379,4965182650,6497911624,-4815798,0
30,369,955248786,0,322466400.25,0,934240956.4375,0,4310044071,6521991278,943243424.5,0,594253683.0626,130323367.375,0,2693538.0621,4857419590,6527931576,-5940298,-0.08
31,370,883325806,0,330321631.75,0,848026691.5625,0,4450282073,6511965074,874260703.5,0,541087756.9374,125434184.625,0,2578758.4379,4973430970,6516794184,-4829110,0
31,371,961461650,0,322466400.25,0,935030588.4375,0,4315956647,6534906990,943878688.5,0,599876851.0626,130513959.375,0,2718123.5621,4863876934,6540862648,-5955658,-0.08
30,372,886476142,0,330321631.75,0,849612611.5625,0,4458080857,6524498834,879165791.5,0,541275660.9374,125625016.625,0,2587049.4379,4980672698,6529327944,-4829110,0
31,373,962905874,0,324749984.25,0,938443068.4375,0,4333937063,6560027758,956492320.5,0,599991923.0626,130709463.375,0,2724313.0621,4876067654,6565983416,-5955658,-0.08
30,374,887719022,0,332531551.75,0,851375171.5625,0,4484012633,6555646866,887700703.5,0,541275660.9374,125818120.625,0,2587049.4379,5003133114,6560516936,-4870070,0
31,375,963126802,0,327033568.25,0,951652540.4375,0,4355387815,6597192814,965696800.5,0,599991923.0626,131402407.375,0,2724313.0621,4903340870,6603153592,-5960778,-0.08
31,376,888517102,0,334815135.75,0,859219907.5625,0,4508631641,6591191954,893218015.5,0,541275660.9374,126417304.625,0,2587049.4379,5032596666,6596097864,-4905910,0
28,377,964824082,0,329096160.25,0,953655996.4375,0,4376873383,6624441454,967072416.5,0,599991923.0626,131808087.375,0,2724313.0621,4928825158,6630418616,-5977162,-0.08
31,378,889347182,0,337098719.75,0,861068995.5625,0,4535345753,6622868370,896144991.5,0,541315340.9374,126886728.625,0,2587049.4379,5060851898,6627788616,-4920246,0
30,379,966985234,0,332333280.25,0,954869436.4375,0,4400825767,6655005806,968176032.5,0,600986867.0626,132219351.375,0,2724794.0621,4956916550,6661020856,-6015050,-0.08
31,380,893430382,0,340443743.75,0,862132419.5625,0,4563452505,6659467154,897784927.5,0,548447628.9374,127438920.625,0,2597968.9379,5088171194,6664442696,-4975542,0
30,381,974540434,0,332847840.25,0,956973756.4375,0,4421664167,6686017646,968610080.5,0,608696691.0626,132818567.375,0,2753228.0621,4979232582,6692109496,-6091850,-0.08
31,382,899771246,0,340975455.75,0,862330819.5625,0,4581403225,6684489618,898491487.5,0,554464652.9374,127759512.625,0,2629829.4379,5106117818,6689465160,-4975542,0
31,383,979397266,0,332847840.25,0,957088828.4375,0,4435009959,6704334958,969088032.5,0,612247923.0626,133083271.375,0,2808983.5621,4993205062,6710430904,-6095946,-0.08
30,384,902872814,0,340975455.75,0,862419139.5625,0,4593146457,6699422610,899610207.5,0,555344012.9374,127998616.625,0,2659852.9379,5118789818,6704405320,-4982710,0
31,385,981323922,0,335131424.25,0,957132476.4375,0,4446942631,6720521326,970822048.5,0,612513779.0626,133316407.375,0,2827302.5621,5007142726,6726619320,-6097994,-0.08
30,386,903768302,0,343185375.75,0,863782339.5625,0,4606794329,6717539218,902645727.5,0,555344012.9374,128296472.625,0,2659852.9379,5133572282,6722520904,-4981686,0
31,387,981758994,0,337415008.25,0,969056316.4375,0,4471784871,6760006766,987717408.5,0,612513779.0626,134245799.375,0,2827302.5621,5028807494,6766108856,-6102090,-0.08
31,388,907746798,0,345468959.75,0,878888515.5625,0,4641863257,6773975954,917018463.5,0,555344012.9374,129348184.625,0,2659852.9379,5174680762,6779053896,-5077942,0
28,389,984157586,0,339477600.25,0,977278012.4375,0,4494280103,6795185262,990659360.5,0,612513779.0626,135088215.375,0,2827302.5621,5060249414,6801335480,-6150218,-0.08
31,390,908763630,0,347752543.75,0,891804355.5625,0,4672034393,6820363154,925018975.5,0,555344012.9374,130573512.625,0,2659852.9379,5211864250,6825462600,-5099446,0
30,391,988174482,0,342714720.25,0,977685052.4375,0,4531922343,6840488046,996446752.5,0,613069043.0626,135733671.375,0,2827812.5621,5098574662,6846649528,-6161482,-0.08
31,392,914570862,0,351097567.75,0,892633667.5625,0,4721404505,6879715218,928515295.5,0,563925900.9374,131200280.625,0,2682111.4379,5258484922,6884811592,-5096374,0
30,393,999582610,0,343229280.25,0,979105852.4375,0,4565959079,6887868526,996592160.5,0,622519539.0626,136358631.375,0,2880884.0621,5135776582,6894124216,-6255690,-0.08
31,394,926014958,0,351629279.75,0,893883587.5625,0,4739035737,6910572434,928717407.5,0,571964428.9374,131614056.625,0,2728390.4379,5280712890,6915740488,-5168054,0
31,395,1007740050,0,343229280.25,0,979982780.4375,0,4576309671,6907252846,996797344.5,0,628054771.0626,136680967.375,0,2903778.0621,5149077318,6913510584,-6257738,-0.08
30,396,929959918,0,351629279.75,0,895519427.5625,0,4748744281,6925861778,930736991.5,0,572993292.9374,131978968.625,0,2737704.9379,5292577978,6931028808,-5167030,0
31,397,1009740306,0,345512864.25,0,980550204.4375,0,4590944679,6926739566,1000907040.5,0,628399987.0626,137004871.375,0,2911308.5621,5163779910,6932999352,-6259786,-0.08
30,398,930624878,0,353839199.75,0,896990147.5625,0,4767306329,6948769682,936242527.5,0,572993292.9374,132344792.625,0,2738531.4379,5309616314,6953939784,-5170102,0
31,399,1010717074,0,347796448.25,0,985807804.4375,0,4619366823,6963679342,1011786656.5,0,628399987.0626,137525767.375,0,2911308.5621,5189359430,6969979064,-6299722,-0.08
31,400,931954414,0,356122783.75,0,909227459.5625,0,4805714521,7003027346,951243871.5,0,572993292.9374,133305080.625,0,2738531.4379,5347976378,7008260936,-5233590,0
29,401,1014772370,0,349932704.25,0,993469372.4375,0,4654454183,7012620398,1016307488.5,0,628399987.0626,138305319.375,0,2911308.5621,5233049414,7018970296,-6349898,-0.08
31,402,933892846,0,358406367.75,0,917873731.5625,0,4839528025,7049709458,954942687.5,0,573005196.9374,134208408.625,0,2738531.4379,5390109882,7055008584,-5299126,0
30,403,1018150930,0,353169824.25,0,994878652.4375,0,4695710119,7061901422,1021223584.5,0,628653427.0626,138920519.375,0,2911683.5621,5276543814,7068249272,-6347850,-0.08
31,404,942618478,0,361751391.75,0,918568131.5625,0,4884478553,7107424146,957699039.5,0,582654732.9374,134777080.625,0,2764373.9379,5434850490,7112749896,-5325750,0
30,405,1030129042,0,353684384.25,0,996249532.4375,0,4724739495,7104794734,1021462432.5,0,639782131.0626,139524295.375,0,2968853.5621,5307529030,7111262392,-6467658,-0.08
31,406,953350126,0,362283103.75,0,919659331.5625,0,4897582681,7132882834,957925471.5,0,589933836.9374,135151608.625,0,2806354.9379,5452425402,7138246472,-5363638,0
31,407,1037378194,0,353684384.25,0,996888380.4375,0,4734423463,7122366574,1021681568.5,0,644753267.0626,139809415.375,0,3005511.0621,5319591750,7128837304,-6470730,-0.08
30,408,957569518,0,362283103.75,0,920081731.5625,0,4906355289,7146297234,959238367.5,0,590901132.9374,135413144.625,0,2829249.4379,5463275706,7151661896,-5364662,0
31,409,1039888786,0,355967968.25,0,997312956.4375,0,4745187751,7138350190,1024735520.5,0,645134195.0626,140096263.375,0,3013783.5621,5331849030,7144823992,-6473802,-0.08
30,410,958571118,0,364493023.75,0,930169411.5625,0,4930903641,7184144274,977100255.5,0,590901132.9374,136283160.625,0,2829249.4379,5482420410,7189539656,-5395382,0
31,411,1040545170,0,358251552.25,0,1018510012.4375,0,4782435751,7199735918,1047264288.5,0,645134195.0626,141776071.375,0,3013783.5621,5368985414,7206167736,-6431818,-0.08
31,412,967200238,0,366776607.75,0,935438915.5625,0,4967690841,7237113746,980978783.5,0,590901132.9374,137212856.625,0,2829249.4379,5530642618,7242570568,-5456822,0
28,413,1042619538,0,360314144.25,0,1049171132.4375,0,4821201319,7273299054,1069023264.5,0,645134195.0626,144428775.375,0,3013783.5621,5418168134,7279762616,-6463562,-0.08
31,414,974722798,0,369060191.75,0,943093187.5625,0,5005801049,7292684178,983994079.5,0,590901132.9374,138647896.625,0,2829249.4379,5581804730,7298182984,-5498806,0
30,415,1046424210,0,363551264.25,0,1051993532.4375,0,4865249703,7327211630,1072068896.5,0,645207155.0626,145338279.375,0,3014053.5621,5468094278,7333716152,-6504522,-0.08
31,416,983939694,0,372405215.75,0,943462211.5625,0,5049656921,7349471122,985074783.5,0,600288140.9374,139346136.625,0,2865788.4379,5627365562,7354947400,-5476278,0
30,417,1059556626,0,364065824.25,0,1053548732.4375,0,4893590951,7370755182,1072166048.5,0,657080691.0626,146161127.375,0,3087084.0621,5498867526,7377354936,-6599754,-0.08
31,418,993359470,0,372936927.75,0,944997827.5625,0,5064583769,7375885202,985398239.5,0,607611148.9374,139856344.625,0,2913758.4379,5645590714,7381377864,-5492662,0
31,419,1067149842,0,364065824.25,0,1055056572.4375,0,4904292775,7390557294,1072320032.5,0,663130995.0626,146559271.375,0,3113390.0621,5512047430,7397163192,-6605898,-0.08
30,420,997491182,0,372936927.75,0,946399427.5625,0,5075093081,7391928210,987585503.5,0,608696460.9374,140255128.625,0,2926570.4379,5657954490,7397425992,-5497782,0
